SET SQL_MODE = "NO_AUTO_VALUE_ON_ZERO";
SET time_zone = "+00:00";

/*!40101 SET @OLD_CHARACTER_SET_CLIENT=@@CHARACTER_SET_CLIENT */;
/*!40101 SET @OLD_CHARACTER_SET_RESULTS=@@CHARACTER_SET_RESULTS */;
/*!40101 SET @OLD_COLLATION_CONNECTION=@@COLLATION_CONNECTION */;
/*!40101 SET NAMES utf8mb4 */;

CREATE DATABASE IF NOT EXISTS jivoorders DEFAULT CHARACTER SET utf8mb4 COLLATE utf8mb4_general_ci;
USE jivoorders;

DROP TABLE IF EXISTS dual1;
CREATE TABLE dual1 (
  x int(11) DEFAULT NULL
) ENGINE=InnoDB DEFAULT CHARSET=utf8mb4 COLLATE=utf8mb4_general_ci;

TRUNCATE TABLE dual1;
INSERT INTO dual1 (x) VALUES
(1);

DROP TABLE IF EXISTS productsold;
CREATE TABLE productsold (
  id int(100) NOT NULL,
  SalesId int(100) NOT NULL,
  ProductId int(11) NOT NULL,
  Price int(11) NOT NULL,
  Qty int(100) NOT NULL
) ENGINE=InnoDB DEFAULT CHARSET=utf8mb4 COLLATE=utf8mb4_general_ci;

TRUNCATE TABLE productsold;
INSERT INTO productsold (id, SalesId, ProductId, Price, Qty) VALUES
(1, 1, 16, 10, 3),
(2, 2, 15, 5, 4),
(3, 3, 6, 3, 54),
(4, 3, 8, 3, 43),
(5, 3, 18, 3, 34),
(6, 4, 13, 54, 34),
(7, 4, 9, 43, 3),
(8, 4, 1, 3, 54),
(9, 5, 59, 12, 12),
(10, 5, 142, 3, 344),
(11, 6, 405, 20, 176),
(12, 6, 19, 33, 34),
(13, 7, 442, 34, 23),
(14, 7, 377, 31, 54),
(15, 7, 19, 10, 24);

DROP TABLE IF EXISTS salesreport;
CREATE TABLE salesreport (
  SalesId int(100) NOT NULL,
  PersonId int(100) NOT NULL,
  Date date NOT NULL,
  CardCode varchar(50) NOT NULL,
  CardName varchar(100) NOT NULL,
  DeliveryDate date NOT NULL DEFAULT current_timestamp(),
  SAP_Id varchar(100) NOT NULL,
  PI varchar(100) NOT NULL
) ENGINE=InnoDB DEFAULT CHARSET=utf8mb4 COLLATE=utf8mb4_general_ci;

TRUNCATE TABLE salesreport;
INSERT INTO salesreport (SalesId, PersonId, Date, CardCode, CardName, DeliveryDate, SAP_Id, PI) VALUES
(1, 1, '2024-01-09', 'CUSTA000105', 'Fairdeal Marketing', '2024-01-16', '1011', ''),
(2, 1, '2024-01-09', 'CUSTA000041', 'Jai Mata Di Traders', '2024-01-10', '1011', ''),
(3, 1, '2024-01-09', 'CUSTA000430', 'OMAAN ENTERPRISE', '2024-01-17', '234', '3_name.pdf'),
(4, 6, '2024-01-09', 'CUSTA000166', 'Kreative Creations', '2024-01-16', '', ''),
(5, 6, '2024-01-10', 'CUSTA000102', 'RND Laboratories Pvt. Ltd.', '2024-01-24', '214232', '5_pdffile.pdf'),
(6, 6, '2024-01-10', 'CUSTA000071', 'Reliance Retail Limited', '2024-01-24', '1234', '6_name.pdf'),
(7, 5, '2024-01-11', 'CUSTA000087', 'Sona Sweets And Udipi Restaurant', '2024-01-24', '', '');

DROP TABLE IF EXISTS sales_audit;
CREATE TABLE sales_audit (
  id int(11) NOT NULL,
  SalesId int(11) NOT NULL,
  PersonId int(11) NOT NULL,
  dttm timestamp NOT NULL DEFAULT current_timestamp() ON UPDATE current_timestamp(),
  Status_to int(11) NOT NULL
) ENGINE=InnoDB DEFAULT CHARSET=utf8mb4 COLLATE=utf8mb4_general_ci;

TRUNCATE TABLE sales_audit;
INSERT INTO sales_audit (id, SalesId, PersonId, dttm, Status_to) VALUES
(1, 1, 1, '2024-01-09 09:20:17', 1),
(2, 2, 1, '2024-01-09 09:22:43', 1),
(3, 3, 1, '2024-01-09 09:24:24', 1),
(4, 1, 3, '2024-01-09 10:07:45', 2),
(5, 2, 3, '2024-01-09 10:31:03', 2),
(6, 2, 3, '2024-01-09 12:28:24', 3),
(7, 2, 3, '2024-01-09 12:28:25', 4),
(8, 2, 3, '2024-01-09 12:28:27', 5),
(9, 2, 4, '2024-01-09 12:28:49', 6),
(10, 2, 4, '2024-01-09 12:28:50', 7),
(11, 4, 6, '2024-01-09 12:34:07', 1),
(12, 5, 6, '2024-01-10 09:20:00', 1),
(13, 6, 6, '2024-01-10 11:49:41', 1),
(14, 3, 3, '2024-01-11 06:18:28', 2),
(15, 7, 5, '2024-01-11 06:22:13', 1),
(16, 1, 3, '2024-01-11 06:40:53', 3),
(17, 6, 3, '2024-01-11 06:45:25', 2),
(18, 3, 3, '2024-01-11 06:45:39', 3),
(19, 6, 3, '2024-01-11 06:56:57', 3),
(20, 7, 3, '2024-01-11 08:12:37', 8),
(21, 6, 3, '2024-01-11 11:06:10', 4),
(22, 6, 3, '2024-01-11 11:06:11', 5),
(23, 6, 4, '2024-01-11 11:16:41', 6),
(24, 6, 4, '2024-01-11 11:16:47', 7),
(25, 3, 3, '2024-01-12 12:22:07', 4),
(26, 5, 3, '2024-01-12 12:22:21', 2),
(27, 5, 3, '2024-01-12 12:22:37', 3),
(28, 5, 3, '2024-01-12 12:22:59', 4),
(29, 5, 3, '2024-01-12 12:23:12', 5),
(30, 5, 4, '2024-01-12 12:23:39', 6);

DROP TABLE IF EXISTS tbl_party;
CREATE TABLE tbl_party (
  CardCode varchar(100) NOT NULL,
  CardName varchar(100) NOT NULL,
  Address varchar(100) NOT NULL,
  State varchar(100) NOT NULL,
  MainGroup varchar(100) DEFAULT NULL
) ENGINE=InnoDB DEFAULT CHARSET=utf8mb4 COLLATE=utf8mb4_general_ci;

TRUNCATE TABLE tbl_party;
INSERT INTO tbl_party (CardCode, CardName, Address, State, MainGroup) VALUES
('CUSTA000001', 'A. K. Traders - Noida', 'D-371', 'UP', 'GT'),
('CUSTA000002', 'A.B. Hotels Ltd.(Radission Hotel Delhi)', '', 'DL', 'HoReCa'),
('CUSTA000003', 'Aadhaar Wholesale Trading & Dist. Ltd.', 'C/o Royal Industries Ltd. Nr. Hampton Court Busines Park', 'PB', 'GT'),
('CUSTA000004', 'Akal Acadamy', '', 'PB', ''),
('CUSTA000005', 'Akhand Kirtani Jatha - Dev Nagar', '', 'DL', ''),
('CUSTA000006', 'Akshya Enterprises - Indore', '73 Kachhi Mohalla', 'MP', 'MT'),
('CUSTA000007', 'Aman Trading Co.', '', 'UP', 'GT'),
('CUSTA000008', 'amazon.in', '', 'MH', 'E-COMMERCE'),
('CUSTA000009', 'Ambe Enterprises(Surat)', 'B-2  Sainath Society  Althan Road near CNG pump', 'GJ', 'ROI'),
('CUSTA000010', 'A.T. OVERSEAS', '16/4Aacharyapuriopp. Ganga Apprt.', 'HR', 'MT'),
('CUSTA000011', 'Annapurna Enterprises - Dehradun', 'C-24 Turner Road', 'UK', 'MT'),
('CUSTA000012', 'Anushka Sales And Marketing', '', 'DL', 'GT'),
('CUSTA000013', 'Arjun Dass & Sons - Punjab (New)', 'Railway Road', 'PB', 'GT'),
('CUSTA000014', 'More Retail Limited', 'Sempla Chunni Basti Pathana opp. radha swami satsang ghar', 'PB', 'MT'),
('CUSTA000015', 'Baba Lokenath Traders', '', 'WB', 'ROI'),
('CUSTA000016', 'Balram Raj & Sons', 'Nangal', 'PB', 'GT'),
('CUSTA000017', 'Bengali Sweets(South Ext.)', '', 'DL', 'HoReCa'),
('CUSTA000018', 'Budget Bazaar - Janakpuri', '233 A-3 Block Mota Singh Marg', 'DL', 'GT'),
('CUSTA000019', 'Chirag Enterprises (Mumbai)', '', 'MH', 'ROI'),
('CUSTA000020', 'Cremica Food Industries Limited', '', 'PB', 'Institutional'),
('CUSTA000021', 'D. S. Global', 'Block-I Saurabh Vihar', 'DL', 'Institutional'),
('CUSTA000022', 'Deepak Trading Co.', 'Near OBC Bank Tripuri Town Patiala', 'PB', 'GT'),
('CUSTA000023', 'Divine Bliss Business Solutions Private Limited', 'E-129 Ist Floor', 'DL', 'Institutional'),
('CUSTA000024', 'Flipkart India Private Limited', 'Bilaspur& Pathreri, Gurugram, Haryana', 'HR', 'E-COMMERCE'),
('CUSTA000025', 'Free Sample', '', 'HR', 'Other'),
('CUSTA000026', 'Future Retail Ltd.', 'CDC-JHAJJAR-KULANA (SF)', 'HR', 'MT'),
('CUSTA000027', 'Gaurav Brothers(Faridabad)', 'Near Mastana Chowk  Chawla Colony', 'HR', 'GT'),
('CUSTA000028', 'G-Pure India', '', 'PB', 'GT'),
('CUSTA000029', 'Grover Agencies- Jagraon', 'OPP. SHIV MARKET', 'PB', 'GT'),
('CUSTA000030', 'Gurudwara Baru Sahib', 'Via Raj Garh', 'HP', 'Other'),
('CUSTA000031', 'Gurudwara Karamsar Rara Sahib', '', 'PB', 'Other'),
('CUSTA000032', 'Gurudwara Nanaksar (Cheema)', '', 'PB', 'Other'),
('CUSTA000033', 'Hari Om Trading Co. - Ambala', '6352/11', 'HR', 'GT'),
('CUSTA000034', 'Health Age Products', 'Malka Ganj', 'DL', 'GT'),
('CUSTA000035', 'Hemkunt Agency - Jabalpur', '', 'MP', 'MT'),
('CUSTA000036', 'Hind Super Store - Ghaziabad', '105', 'UP', 'GT'),
('CUSTA000037', 'J. S. Traders - Noida', 'Village Nithari opp. HDFC Bank', 'UP', 'MT'),
('CUSTA000038', 'J-3 Sale', '', 'DL', 'OTHER'),
('CUSTA000039', 'Jagdamba Enterprises - Chd', 'VILLAGE BHABAT', 'PB', 'GT'),
('CUSTA000040', 'Jagdamba Enterprises(Delhi)', '', 'DL', 'GT'),
('CUSTA000041', 'Jai Mata Di Traders', '', 'WB', 'ROI'),
('CUSTA000042', 'K. B. Products Pvt. Ltd.', '946 Dadoba Compound Anjur Phata Anjur Road Val- Village Behind Vishal Dying Mill', 'MH', 'OTHER'),
('CUSTA000043', 'Kesara Tea', '', 'DL', 'OTHER'),
('CUSTA000044', 'Konark Marketing', 'Plot No-5', 'HR', 'GT'),
('CUSTA000046', 'Krs Multipro Pvt. Ltd.', 'Plot No-2 Near Sec-28 Metro Station Pillar No. 599', 'HR', 'OTHER'),
('CUSTA000047', 'Kumar Brother-Moti Nagar', '', 'DL', 'GT'),
('CUSTA000048', 'Kwality Bazaar', '', 'DL', 'GT'),
('CUSTA000049', 'Laksh Sadh Trading Co.', '', 'GJ', 'ROI'),
('CUSTA000050', 'M. T. Traders (Jammu)', '', 'JK', 'GT'),
('CUSTA000051', 'Bharat Bhushan & Sons', '739 Old Grain Market', 'PB', 'GT'),
('CUSTA000052', 'Maha Gauri Enterprises', '64-65 Nehru Co-Operative Socity Ambedkar Road Ghaziabad-201001', 'UP', 'GT'),
('CUSTA000053', 'Max Bazaar(Gujrawala Town)', 'Mehendru Enclave', 'DL', 'GT'),
('CUSTA000054', 'Metro Cash & Carry India Pvt. Ltd.', 'Ward No.121 Opp. Bannnan Market', 'KT', 'MT'),
('CUSTA000055', 'Avenue Supermarts Ltd', 'Lawrence Road Amritsar D-Mart', 'PB', 'MT'),
('CUSTA000056', 'Nature Corporation (Bangalore)', 'No. 40/3 Situated at sainivas JC Industrial Layout', 'KT', 'ROI'),
('CUSTA000057', 'Nikki Mehta (Hari Nagar)', '', 'DL', 'Other'),
('CUSTA000058', 'Online Sale (Website)', '', 'SK', 'E-COMMERCE'),
('CUSTA000059', 'Pee Gee Trading Co.', '', 'DL', 'GT'),
('CUSTA000060', 'Puneet Power Solutions', 'Near Sanjay Gas Agency', 'HR', 'GT'),
('CUSTA000061', 'Punjab Sales Corporation - Ludhiana', 'SUA ROAD', 'PB', 'GT'),
('CUSTA000062', 'Pure Agrochem Corporation', '', 'DL', 'MT'),
('CUSTA000063', 'Radhey Enterprises - Batala', '', 'PB', 'GT'),
('CUSTA000064', 'Raghav Marketing - Guwahati', 'B. G. Tower T.R.P. Road', 'AS', 'ROI'),
('CUSTA000065', 'Raj Mandir Hypermarket - Dwarka Sec.-5', 'K-1 Block Plot No. 787980 Rajapuri', 'DL', 'GT'),
('CUSTA000066', 'Raj Mandir Retails Pvt. Ltd - Dwarka', 'G-6 Ground Floor Vardhman GD Plaza', 'DL', 'GT'),
('CUSTA000067', 'Raj Mandir Super Market - Guru Harkishan Nagar', 'M-113', 'DL', 'GT'),
('CUSTA000068', 'Raj Mata Traders - Laxmi Nagar', 'G-43 Near Walia Narsing Home', 'DL', 'GT'),
('CUSTA000069', 'Ram Bilas Pawan Kumar - Punjab', 'Amloh Road', 'PB', 'GT'),
('CUSTA000070', 'Ram Gopal Mithan Lal', 'Palika Bazar JInd', 'HR', 'GT'),
('CUSTA000071', 'Reliance Retail Limited', 'VKI Jaipur', 'RJ', 'MT'),
('CUSTA000072', 'Reliance Retail Limited (C & C)', 'Reliance Market Division', 'PB', 'MT'),
('CUSTA000073', 'Rm Hypermarket Pvt. Ltd. - Rohini', 'LG-1 Vikas Surya Shopping Mall', 'DL', 'GT'),
('CUSTA000074', 'Rm Super Bazaar Pvt. Ltd. - Ashok Vihar', 'C-3/7 Phase -II', 'DL', 'GT'),
('CUSTA000075', 'Rm Supermarket - Pitampura', 'Ground Floor-4', 'DL', 'GT'),
('CUSTA000076', 'Rm Supermarket Pvt. Ltd.', 'C-32', 'DL', 'GT'),
('CUSTA000077', 'Royal Super Sales - Ganganagar', '', 'RJ', 'GT'),
('CUSTA000078', 'Sai Ram Enterprises(Mohali)', '', 'PB', 'MT'),
('CUSTA000079', 'Sanjeev Sales Ludhiana', 'Dugri', 'PB', 'MT'),
('CUSTA000080', 'Sewak General Store', 'GMD Road', 'UP', 'GT'),
('CUSTA000081', 'Shangri-La Eros Hotel', '', 'DL', 'HoReCa'),
('CUSTA000082', 'Shiv Shakti Enterprises (Telangana)', '21-91Uttam Nagar Malkajgiri Secundrabad', 'TE', 'ROI'),
('CUSTA000083', 'Shiva Associates - Ashok Vihar', 'A-222/1', 'DL', 'GT'),
('CUSTA000084', 'Shri Enterprises-Sd', '', 'DL', 'GT'),
('CUSTA000085', 'Shri Laxmi General Store(Ghaziabad)', '', 'UP', 'GT'),
('CUSTA000086', 'Shri Ram Oil Traders', '', 'UP', 'OTHER'),
('CUSTA000087', 'Sona Sweets And Udipi Restaurant', '', 'DL', 'HORECA'),
('CUSTA000088', 'Sri Sai Vinayaka Enterprises', '', 'DL', 'MT'),
('CUSTA000089', 'Ssm Retail Pvt. Ltd. - Gurgaon', '2246 Sector -46', 'HR', 'GT'),
('CUSTA000090', 'Stall At Rakab Ganj (Dsd)', '', 'DL', 'Other'),
('CUSTA000091', 'Super Marche 37 Traders Llp', '', 'DL', 'GT'),
('CUSTA000092', 'Suri Traders - Delhi', '702-A', 'DL', 'GT'),
('CUSTA000093', 'Thakur Dass And Sons - Bareilly', '10/12/B', 'UP', 'GT'),
('CUSTA000094', 'The Area Manager Canteen Store Department', 'Jail Road', 'UP', 'GOVT. SECTOR'),
('CUSTA000095', 'The Kalgidhar Trust', '', 'DL', 'Other'),
('CUSTA000096', 'The Kalgidhar Trust Cheema Sahib', '', 'PB', 'Other'),
('CUSTA000097', 'V. K. Enterprises(Gzb)', 'Near Janta Dharam Kanta', 'UP', 'GT'),
('CUSTA000098', 'Vinayak & Company', '', 'DL', 'GT'),
('CUSTA000099', 'Wal-Mart India Pvt. Ltd.', 'Rajahmundry', 'AP', 'MT'),
('CUSTA000100', 'Business Process Matrix Pvt.Ltd.', '', 'KT', 'ROI'),
('CUSTA000102', 'RND Laboratories Pvt. Ltd.', '', 'OR', 'MT'),
('CUSTA000103', 'Gurudwara Singh Sabha (Trilokpuri)', '', 'DL', 'OTHER'),
('CUSTA000104', 'Sindhi Provision Store-New Rajender Nagar', '', 'DL', 'GT'),
('CUSTA000105', 'Fairdeal Marketing', 'Sheetal Sadan', 'WB', 'ROI'),
('CUSTA000106', 'Cash Sale PB', '', 'PB', 'OTHER'),
('CUSTA000107', 'Deepak Enterprises(UK)', 'Galla Mandi', 'UK', 'GT'),
('CUSTA000108', 'Orange Cargo Carriers', '', 'HR', 'OTHER'),
('CUSTA000109', 'Rishabh Enterprises', '', 'UP', 'GT'),
('CUSTA000110', 'Rekha Enterprises - Panipat', '70/7', 'HR', 'GT'),
('CUSTA000112', 'Hariom Traders', '107DSIDC SCHEME - F', 'DL', 'GT'),
('CUSTA000113', 'J.D TRADERS', '', 'PB', 'GT'),
('CUSTA000114', 'Arjun Mal Daulat Ram', '', 'HR', 'GT'),
('CUSTA000115', 'United Sales Corporation', '', 'PB', 'MT'),
('CUSTA000116', 'Gurudwara Sri Hemkunt Sahib Management Trust', '', 'UK', 'OTHER'),
('CUSTA000117', 'SANCHIT ENTERPRISES', '', 'DL', 'OTHER'),
('CUSTA000118', 'Gurudwara Singh Sabha Ikolaha(Khanna)', '', 'PB', 'OTHER'),
('CUSTA000119', 'India Logitrack LLP', '', 'DL', 'OTHER'),
('CUSTA000120', 'Om Logistic Pvt Ltd.', '', 'HR', 'OTHER'),
('CUSTA000121', 'Raj Mandir Hypermarket - Mahavir Enclave', '', 'DL', 'GT'),
('CUSTA000122', 'Gurudwara Singh Sabha (Panchayti Gurudwara)', '', 'DL', 'OTHER'),
('CUSTA000123', 'Raj Mandir Hypermarket - Malviya Nagar', '', 'DL', 'GT'),
('CUSTA000124', 'Inner Being Wellness Pvt. Ltd.', 'Kundli Sonipat', 'HR', 'OTHER'),
('CUSTA000125', 'SAI TRADERS LUDHIANA', '', 'PB', 'MT'),
('CUSTA000126', 'RANJEET COMMUNICATION', 'Near Railway Crossing', 'PB', 'GT'),
('CUSTA000127', 'Varun Trading Company', 'Purani Anaj Mandi', 'PB', 'GT'),
('CUSTA000128', 'Vestige Bestdeals Pvt Ltd.', 'Village Nizampur Khurd Near Shakti Dharam Kanta', 'HR', 'OTHER'),
('CUSTA000129', 'Japman Enterprises', '', 'DL', 'GT'),
('CUSTA000130', 'AKAL ROZGAR YOJANA (A U/O JWPL)', 'Near Main Gurdwara Baru Sahib Complex', 'HP', 'OTHER'),
('CUSTA000133', 'K G Products Pvt. Ltd', '', 'PB', 'GT'),
('CUSTA000134', 'Hariom Marketing - Faridabad', 'NIT - 1', 'HR', 'GT'),
('CUSTA000135', 'Jivo Wellness Pvt. Ltd. HR Cust-Canola', 'Phae IV, Sector 57', 'HR', 'OTHER'),
('CUSTA000136', 'Jivo Wellness Pvt. Ltd. DL Cust-Canola', '', 'DL', 'OTHER'),
('CUSTA000137', 'Jivo Wellness Pvt. Ltd. PB Cust-Canola', '', 'PB', 'OTHER'),
('CUSTA000138', 'SWASTIK ENTERPRISES', '', 'HR', 'GT'),
('CUSTA000139', 'Shree Radhey Krishna Co', 'Indirapuram', 'UP', 'Institutional'),
('CUSTA000140', 'Madhav Store', '', 'DL', 'GT'),
('CUSTA000141', 'G M Enterprises', 'Crockery Market', 'DL', 'OTHER'),
('CUSTA000142', 'Mangla Traders', 'Tri Nagar', 'DL', 'GT'),
('CUSTA000143', 'Rajdhani Supply Company', '', 'DL', 'GT'),
('CUSTA000144', 'Max Bazaar Burari', 'Sant Nagar', 'DL', 'GT'),
('CUSTA000145', 'Kwality Food', '', 'PB', 'GT'),
('CUSTA000146', 'Inder Associates', 'Bindal Road', 'UK', 'GT'),
('CUSTA000147', 'A.P Organics Limited', '1st Floor, Royal Street Sector Satara within Omaxe', 'PB', 'Institutional'),
('CUSTA000148', 'Bansal Trading Company', '', 'HR', 'GT'),
('CUSTA000149', 'STB Overseas India Pvt. Ltd', '', 'DL', 'GT'),
('CUSTA000150', 'RMPV Hypermarket', '', 'DL', 'GT'),
('CUSTA000151', 'CP Wholesale India Pvt. Ltd.', 'District Center', 'DL', 'MT'),
('CUSTA000152', 'LEKH RAJ & SONS', 'Chandni Chowk', 'DL', 'GT'),
('CUSTA000153', 'De Jour Cafe', 'Narela Road', 'HR', 'Institutional'),
('CUSTA000154', 'Arnav Transport Service', 'C-2', 'DL', 'OTHER'),
('CUSTA000155', 'Grover Agencies (T)', 'OPP. SHIV MARKET', 'PB', 'GT'),
('CUSTA000156', 'Gaurav Overseas', '', 'DL', 'GT'),
('CUSTA000157', 'Parekh Enterprises', '588 Adarsh Nagar New Link Road Andheri (West) Mumbai - 400102', 'MH', 'GT'),
('CUSTA000158', 'Bravio Academy Pvt. Ltd.', '', 'DL', 'GT'),
('CUSTA000159', 'Shri Banke Foods', '', 'DL', 'GT'),
('CUSTA000160', 'Murlidhar & Co.', 'Low Price Store Bharavnath Road', 'GJ', 'GT'),
('CUSTA000161', 'Kamal Sales Agencies', '61/210 Rajat Path', 'RJ', 'GT'),
('CUSTA000162', 'Puneet Enterprises-C', '', 'UP', 'GT'),
('CUSTA000163', 'Kamakhya Agencies', 'Chatribari', 'AS', 'GT'),
('CUSTA000164', 'Simran Agencies', 'Hari Kunj Building SEC-4', 'HP', 'GT'),
('CUSTA000165', 'SARDAR JI TRADERS', 'Dalapeer Mini Bye-Pass', 'UP', 'GT'),
('CUSTA000166', 'Kreative Creations', '73 A DD Bazar', 'KE', 'MT'),
('CUSTA000167', 'Sham Sunder Jograj & Co.', '5276/5', 'HR', 'GT'),
('CUSTA000168', 'M M Agencies', 'Near 5 No. Stop', 'MP', 'MT'),
('CUSTA000169', 'Paytm E-Commerce Pvt. Ltd.', '', 'A&N', 'E-COMMERCE'),
('CUSTA000170', 'Food Crafterz', 'Gala No. 12 Jaywant Industrial Estate', 'MH', 'GT'),
('CUSTA000171', 'Krishna Agency', 'E-402 4th Floor Ratnakar Regency', 'GJ', 'GT'),
('CUSTA000172', 'Jaggi Enterprises', '', 'UP', 'GT'),
('CUSTA000173', 'Dwarka Parshad Goel & Associates', '1858-59', 'DL', 'GT'),
('CUSTA000174', 'Siddharth Enterprises', '', 'MH', 'GT'),
('CUSTA000175', 'All/BST', '', '', ''),
('CUSTA000176', 'A.S CHADDA UNCLE', '', 'DL', 'OTHER'),
('CUSTA000177', 'Sheetal Enterprises - Mumbai', 'Andheri West-Mumbai', 'MH', 'MT'),
('CUSTA000178', 'Vijay & Sons (Karol Bagh)', '', 'DL', 'GT'),
('CUSTA000179', 'Harpal Singh Sales', '', 'DL', 'Other'),
('CUSTA000180', 'Amitoj Associates', '', 'DL', 'GT'),
('CUSTA000181', 'RD Retail India Pvt. Ltd.', '', 'DL', 'GT'),
('CUSTA000182', 'Momos point rajouri', '', 'DL', 'OTHER'),
('CUSTA000183', 'Shree Ram Trading Co. - Hisar', '', 'HR', 'GT'),
('CUSTA000184', 'The Kalgidhar Society', '', 'DL', 'OTHER'),
('CUSTA000185', 'Munjal Sales', 'Gaushala Road', 'HR', 'GT'),
('CUSTA000186', 'Akal University', '', 'PB', 'OTHER'),
('CUSTA000187', 'NORTHERN NATURALS PVT. LTD.', '', 'HR', 'Institutional'),
('CUSTA000188', 'KARACHI HOSPITALITY AND CATERING SERVICE', '', 'DL', 'GT'),
('CUSTA000189', 'New Modern Bazaar Dept. Store Pvt. Ltd.', 'Vasant Vihar', 'DL', 'GT'),
('CUSTA000190', 'SSY CONTAINERS PVT LTD', '', 'HR', 'OTHER'),
('CUSTA000191', 'AG Industries', '', 'UP', 'OTHER'),
('CUSTA000192', 'Cash Sale HR', '', 'HR', 'OTHER'),
('CUSTA000193', 'Nanak Traders', '', 'PB', 'OTHER'),
('CUSTA000194', 'A V ENTERPRISES', '', 'CH', 'OTHER'),
('CUSTA000195', 'NAGPAL STORE', '', 'DL', 'GT'),
('CUSTA000196', 'Sri Sai Vinayaka Enterprises', '', 'DL', 'MT'),
('CUSTA000197', 'Cash Sale DL', '', 'DL', 'OTHER'),
('CUSTA000198', 'Hands on Trade Pvt. Ltd.', 'Opp. Haveli Restaurant,', 'HR', 'E-COMMERCE'),
('CUSTA000199', 'A.K. International', '', 'DL', 'GT'),
('CUSTA000200', 'KWALITY MILK PRODUCTS', '', 'DL', 'GT'),
('CUSTA000201', 'Amit Daga HUF', 'JULLAHA BASTI, VILLAGE BURARI', 'DL', 'GT'),
('CUSTA000202', 'Bol Bam Traders', 'Baprolla Extn.', 'DL', 'GT'),
('CUSTA000203', 'HIMGIRI GAU GAVYA AMRIT', 'NORTH WEST DELHI,', 'DL', 'GT'),
('CUSTA000204', 'S.S Beauty Palace', '', 'PB', 'OTHER'),
('CUSTA000205', 'Vezlay Foods Pvt. Ltd.', '', 'DL', 'OTHER'),
('CUSTA000206', 'SHRI RAM MARKETING', '', 'DL', 'OTHER'),
('CUSTA000207', 'SHREE KHATU SHYAM CORPORATION', '', 'HR', 'GT'),
('CUSTA000208', 'Pawan Kumar Ravinder Kumar', '', 'DL', 'GT'),
('CUSTA000209', 'Guru Nanak Paneer Bhandar', '', 'DL', 'HORECA'),
('CUSTA000210', 'MA MANSA TRADING CO.', '', 'HR', 'GT'),
('CUSTA000211', 'S I Distribution Co.', 'Noida,', 'UP', 'GT'),
('CUSTA000212', 'Deen Dayal Upadhyaya College', 'Dwarka,', 'DL', 'OTHER'),
('CUSTA000213', 'Janak Oil And Exports (Gujarat)', '', 'GJ', 'GT'),
('CUSTA000214', 'Family Welfare Society', 'Shahdara,', 'DL', 'OTHER'),
('CUSTA000215', 'Puneet Enterprises', '', 'UP', 'GT'),
('CUSTA000216', 'Shiv Sales Corporation', 'Near Gurjar Bhawan', 'DL', 'GT'),
('CUSTA000217', 'MIL Overseas Export Pvt. Ltd.', 'Near Babul Vatika,', 'DL', 'GT'),
('CUSTA000218', 'Susmith Menon', 'Dwaraka,', 'DL', 'OTHER'),
('CUSTA000219', 'Aggarwal Super Mart Pvt. Ltd.', '(Near Punjab & Sind Bank)', 'DL', 'GT'),
('CUSTA000220', 'Singhal Super Store', '', 'DL', 'GT'),
('CUSTA000221', 'Anand Enterprises', '', 'DL', 'GT'),
('CUSTA000222', 'Alarm Enterprises', '', 'DL', 'GT'),
('CUSTA000223', 'LIFE ESSENTIALS PERSONAL CARE PVT. LTD.(Cust)', '', 'HR', 'GT'),
('CUSTA000224', 'Grocers Delight', '', 'DL', 'GT'),
('CUSTA000225', 'UTTAM SUDH GHEE BHANDAR', '', 'DL', 'GT'),
('CUSTA000226', 'Bansal Trading Company (Ghanta Ghar)', '', 'DL', 'GT'),
('CUSTA000227', 'Vijeta Medicines', '', 'DL', 'GT'),
('CUSTA000228', 'Medansh Enterprises', '', 'DL', 'GT'),
('CUSTA000229', 'Gurudwara Baru Sahib-T', 'Via Raj Garh', 'HP', ''),
('CUSTA000230', 'Gupta Fresh', '', 'DL', 'GT'),
('CUSTA000231', 'K. B. Enterprises', '', 'DL', 'GT'),
('CUSTA000232', 'N.G.S.', '', 'DL', 'GT'),
('CUSTA000233', 'RM A6 HYPERMARKET - Paschim Vihar', 'Paschim Vihar', 'DL', 'GT'),
('CUSTA000234', 'RM MEERA BAGH HYPERMARKET', 'Meera Bagh', 'DL', 'GT'),
('CUSTA000235', 'Bharat Store', '', 'DL', 'GT'),
('CUSTA000236', 'Vasudev Enterprises', 'Ph-2', 'HR', 'GT'),
('CUSTA000237', 'GANDHI TRADERS', '', 'HR', 'GT'),
('CUSTA000238', 'MAXKART', '', 'DL', 'GT'),
('CUSTA000239', 'BACHAN SINGH PARAMJIT SINGH', '', 'HR', 'GT'),
('CUSTA000240', 'JAGDISH CHAND VIRENDER KUMAR', '', 'HR', 'GT'),
('CUSTA000241', 'SIDHI VINAYAK MARKETING', 'Bachpan School Byelans', 'AS', 'GT'),
('CUSTA000242', 'FRIENDS AGENCIES', '', 'HR', 'GT'),
('CUSTA000243', 'SUPER SALES CORPORATION', '', 'HR', 'GT'),
('CUSTA000244', 'Satinder Singh Punjab', 'Near Gurunanak Girls College', 'PB', 'OTHER'),
('CUSTA000245', 'Shyama Shyam Trading Company', '', 'HR', 'GT'),
('CUSTA000246', 'KRISHAN KIRPA TRADERS', '', 'HR', 'GT'),
('CUSTA000247', 'Mohan Store', 'W.E.A', 'DL', 'GT'),
('CUSTA000248', 'MANGAT RAI BISHAN SARUP', '', 'HR', 'GT'),
('CUSTA000249', 'SUPER KING TRADERS', '', 'HR', 'GT'),
('CUSTA000250', 'V-Trans (India) Limited', 'Rama Road Industrial Area', 'DL', 'OTHER'),
('CUSTA000251', 'Raj Di Chakki', 'New Rohtak Road', 'DL', 'GT'),
('CUSTA000252', 'Aggarwal Departmental Store', 'Near Mother Dairy', 'UP', 'GT'),
('CUSTA000253', 'Blessing Advertising Pvt. Ltd.', '', 'HR', 'GT'),
('CUSTA000254', 'Harish Trading Company', 'Farash Khana', 'DL', 'GT'),
('CUSTA000255', 'GREAT VALUE DEPARTMENTAL STORE', '', 'HR', 'GT'),
('CUSTA000256', 'AKAL ROZGAR YOJANA (A U/O JWPL)(TS)', 'Akal University', 'PB', 'OTHER'),
('CUSTA000257', 'Omega Traders', 'Guru Nanak Road', 'DL', 'GT'),
('CUSTA000258', 'Omkar Singh', 'Phase 1A', 'DL', 'GT'),
('CUSTA000260', 'Manoj Store', '', 'DL', 'GT'),
('CUSTA000261', 'Shyam Jee', 'Shop No. 5', 'DL', 'GT'),
('CUSTA000262', 'Aggarwal RK Puram', 'R K Puram', 'DL', 'GT'),
('CUSTA000263', 'Kesho Ram Mangla Oil Industries', '', 'DL', 'Institutional'),
('CUSTA000264', 'Punjab Dairy', 'New Market', 'DL', 'GT'),
('CUSTA000265', 'Pinnacle Traxim Pvt. Ltd.', '', 'HR', 'GT'),
('CUSTA000266', 'The Refrigeration House', 'Netaji Subhash Marg', 'DL', 'GT'),
('CUSTA000267', 'YUVRAJ', 'GAGAN ENCLAVE', 'UP', 'GT'),
('CUSTA000268', 'Vaishnodevi Refoils And Solex', '', 'GJ', 'GT'),
('CUSTA000269', 'Moti Soap Factory Pvt. Ltd.', 'Khari Baoli', 'DL', 'GT'),
('CUSTA000270', 'Kawaljit Singh (Collector)', '', 'HR', 'OTHER'),
('CUSTA000271', 'Shree Krishna Plastics(Narela)', 'Narela Industrial Complex', 'DL', 'GT'),
('CUSTA000272', 'Jeewan International 19-20', 'Old Subzi Mandi', 'HR', 'GT'),
('CUSTA000273', 'V.D.H. Store - Ghaziabad', 'Ghanta Ghar', 'UP', 'GT'),
('CUSTA000274', 'MAVENSWORTH ENTERPRISES', 'MS. SARITA CHADHA W/O MR.VIJAY KUMAR CHADHA', 'DL', 'OTHER'),
('CUSTA000275', 'KANCOR INGREDIENTS LIMITED', 'KANAKKAN KADAVU ROAD', 'KE', 'GT'),
('CUSTA000276', 'Metro Sales Agency', 'Near Civil Hospital', 'HR', 'GT'),
('CUSTA000277', 'Madan Trading Company', '', 'HP', 'GT'),
('CUSTA000278', 'Bhatia Traders', '', 'UP', 'GT'),
('CUSTA000279', 'Darshan Lal & Co.', 'Main Market Delhi', 'DL', 'GT'),
('CUSTA000280', 'Medium Packaging Pvt. Ltd.', '', 'HR', 'GT'),
('CUSTA000281', 'Subhdeep Agro Foods Pvt. Ltd', '', 'DL', 'Institutional'),
('CUSTA000282', 'TIRUPATI BIZ LINK LLP', 'Chowk, Village Taj Nagar', 'HR', 'MT'),
('CUSTA000283', 'Texla Fab Private Limited', '', 'DL', 'GT'),
('CUSTA000284', 'Garima Enterprises', 'Rampur Kagir', 'UP', 'GT'),
('CUSTA000285', 'Siddhi Traders', '', 'UP', 'GT'),
('CUSTA000286', 'Goel Confectioners', 'DDA Market', 'DL', 'GT'),
('CUSTA000287', 'Shri Annpurna Store', '', 'DL', 'GT'),
('CUSTA000288', 'Yash Distributor', 'Business Complex', 'GO', 'GT'),
('CUSTA000289', 'Shakun Store', '', 'DL', 'GT'),
('CUSTA000290', 'Fiza Traders', '', 'DL', 'GT'),
('CUSTA000291', 'Sonepat Goods Carrier-Cust', '', 'HR', 'OTHER'),
('CUSTA000292', 'Raju Ecom', 'Nathucolony Nathupura', 'DL', 'OTHER'),
('CUSTA000293', 'Rajeshwar Kishore Mahenderpal', '', 'HR', 'GT'),
('CUSTA000294', 'AMPALCA INDIA', '', 'UP', 'GT'),
('CUSTA000295', 'International Agro Oil Industries Limited', '', 'DL', 'OTHER'),
('CUSTA000296', 'Maxkart Food Retails Pvt. Ltd.', 'Near Shiv Bhola Mandir', 'DL', 'GT'),
('CUSTA000297', 'Reach Express', '', 'DL', 'GT'),
('CUSTA000298', 'Bara Bio Foods', 'SAS Nagar', 'CH', 'OTHER'),
('CUSTA000299', 'Sivaroma Naturals Pvt Ltd', 'Industrial Area', 'UP', 'Institutional'),
('CUSTA000300', 'Manuel Michael Gomes', 'JVLR, Sham Nagar', 'MH', 'ROI'),
('CUSTA000301', 'HARJIT SINGH', 'Industrial Area', 'PB', 'GT'),
('CUSTA000302', 'Vicky Foods', 'Vashi', 'MH', 'ROI'),
('CUSTA000303', 'Brij Super Store', '', 'DL', 'GT'),
('CUSTA000304', 'Shree Organics', '', 'DL', 'OTHER'),
('CUSTA000305', 'IDEA Publicity', '', 'DL', 'GT'),
('CUSTA000306', 'Arora Paneer', '', 'DL', 'GT'),
('CUSTA000307', 'Aaradhya Enterprises', 'Gali No. 1', 'DL', 'OTHER'),
('CUSTA000308', 'Maya Traders', '', 'DL', 'GT'),
('CUSTA000309', 'Jivo Wellness Pvt. Ltd. DL Cust-WG', '', 'DL', 'OTHER'),
('CUSTA000310', 'Jivo Wellness Pvt. Ltd. PB Cust-WG', 'Villlage cheema', 'PB', 'OTHER'),
('CUSTA000311', 'Jivo Wellness Pvt. Ltd. HR Cust-WG', 'Phae IV, Sector 57', 'HR', 'OTHER'),
('CUSTA000312', 'Arora Paneer & Milk Products', '', 'DL', 'GT'),
('CUSTA000313', 'Shiv Shakti Store', '', 'DL', 'GT'),
('CUSTA000314', 'Diler Engg. Works', '', 'DL', 'OTHER'),
('CUSTA000315', 'Gulshan General Store', '', 'DL', 'GT'),
('CUSTA000316', 'New Gurbachan Store', '', 'DL', 'GT'),
('CUSTA000317', 'Amandeep Singh', '', 'PB', 'OTHER'),
('CUSTA000318', 'Shri Sitaram Traders and Sons', '', 'DL', 'GT'),
('CUSTA000319', 'HIMANSHU GHAZIABAD', 'Gagan Enclave', 'UP', 'OTHER'),
('CUSTA000320', 'Jai Ambey Trading Co', 'Rohini, North West', 'DL', 'GT'),
('CUSTA000321', 'GigaCharge Solutions Private Limited', '', 'UP', 'OTHER'),
('CUSTA000322', 'Innovative Media & Trade Solutions Pvt Ltd', '', 'DL', 'OTHER'),
('CUSTA000323', 'Granary Wholesale Private Limited', 'GT Road Opposite Globe Toyota Showroom', 'PB', 'MT'),
('CUSTA000324', 'Singhal Kirayana Store', 'Karol Bagh', 'DL', 'GT'),
('CUSTA000325', 'Bajaj Provision Store', 'Gurudwara Road Karol Bagh', 'DL', 'GT'),
('CUSTA000326', 'GURNAAM SINGH', 'New Lohia  nagar', 'UP', 'OTHER'),
('CUSTA000327', 'Delhi Mp Carrier', '', 'DL', 'OTHER'),
('CUSTA000328', 'Brij Lal Durga Dass', '', 'PB', 'GT'),
('CUSTA000329', 'SUKRITI FOODS. PVT. LTD.', 'Jokhabad', 'UP', 'OTHER'),
('CUSTA000330', 'S S Marketing', 'Opp Sector 10 A Market', 'HR', 'GT'),
('CUSTA000331', 'Shortage Oil', '', 'HR', 'OTHER'),
('CUSTA000332', 'Wastage During Production', '', 'HR', 'OTHER'),
('CUSTA000333', 'Jagmeet BPO-Cust', '', 'DL', 'OTHER'),
('CUSTA000334', 'Karam Singh & Sons Agencies', 'Chhoti Line', 'HR', 'GT'),
('CUSTA000335', 'Bansal Provision Store', '', 'UP', 'GT'),
('CUSTA000336', 'Balajee Enterprises', '', 'UP', 'GT'),
('CUSTA000337', 'Arora Store', 'Lohiya Nagar', 'UP', 'GT'),
('CUSTA000338', 'Cash Sale F-3 (Gurnam)', '', 'DL', 'E-COMMERCE'),
('CUSTA000339', 'The Nutrient Box', 'Vishal Khand 2', 'UP', 'GT'),
('CUSTA000340', 'D K Logistics Pvt. Ltd.', '', 'UP', 'GT'),
('CUSTA000341', 'Shri Balaji Trading Co.', 'Main Road Gandhi Nagar', 'DL', 'GT'),
('CUSTA000342', 'Shabad Trading Co.', 'Old 427, Block WZ Near Hari Mandir', 'DL', 'GT'),
('CUSTA000343', 'TS AROMATICS', 'STREET NO 3, VEER PALACE, CHANDIGARH ROAD', 'PB', 'GT'),
('CUSTA000344', 'Amarpreet Singh Meerut', 'New Friends Colony, Roorkee Road', 'UP', 'OTHER'),
('CUSTA000345', 'Jasbir Singh Raju HR', '', 'DL', 'OTHER'),
('CUSTA000346', 'Arora Bottle Agency', 'Vishwas Nagar', 'DL', ''),
('CUSTA000347', 'Ambico Ayurvedic Healthcare', 'HSIIDC', 'HR', 'GT'),
('CUSTA000348', 'Friends Trading Company', 'TCC Complex', 'HR', 'GT'),
('CUSTA000349', 'Amod Kumar Transport-Cust', '', 'DL', 'OTHER'),
('CUSTA000350', 'Om Transport Service', '', 'DL', 'OTHER'),
('CUSTA000351', 'B.R TRADER', '', 'PB', 'GT'),
('CUSTA000352', 'Anand Trading Company', '', 'PB', 'GT'),
('CUSTA000353', 'Kansal Brothers', 'Model Town', 'DL', 'Institutional'),
('CUSTA000354', 'Alfaz Lifestyle Solutions Private Limited', '27th main road 19th cross', 'KT', 'OTHER'),
('CUSTA000355', 'Ecocare Technologies Pvt. Ltd.-Cust', '', 'UP', 'GT'),
('CUSTA000356', 'P.C. Enterprises', 'Sahibabad', 'UP', 'MT'),
('CUSTA000357', 'ASPY BIOTECH PRIVATE LIMITED', 'Opp E Block, Near Gyan Jyoti Public School', 'UP', 'GT'),
('CUSTA000358', 'Pankaj Khanna', '', 'DL', 'OTHER'),
('CUSTA000359', 'Max Bazaar Nangloi', '', 'DL', 'GT'),
('CUSTA000360', 'Damantex Fabric', 'Opp. Shivani Export, Sonale Village', 'MH', 'OTHER'),
('CUSTA000361', 'SNN NATURAL PRODUCTS', 'Phase-1', 'DL', 'OTHER'),
('CUSTA000362', 'Maruti Distributor', '', 'WB', 'ROI'),
('CUSTA000363', 'Aggarwal Industries', 'Kalyanpuri, East Delhi', 'DL', 'GT'),
('CUSTA000364', 'M/S Sachdeva Associates', '', 'UP', 'GT'),
('CUSTA000365', 'Chadha Enterprises', 'MAJITHA ROAD', 'PB', 'GT'),
('CUSTA000366', 'UDAY TRADERS', 'BABA COLONY, BURARI', 'DL', 'GT'),
('CUSTA000367', 'Max Inc.', '', 'DL', 'OTHER'),
('CUSTA000368', 'VAIBHAV LAXMI DAIRY PRODUCTS PRIVATE LIMITED', 'KHARI BAOLI', 'DL', 'GT'),
('CUSTA000369', 'The Kalgidhar Trust Chunni Kalan', '', 'PB', 'OTHER'),
('CUSTA000370', 'Honey Sugar Products', '', 'UK', 'OTHER'),
('CUSTA000371', 'Lab Consumtion/Wastage', '', 'HR', 'OTHER'),
('CUSTA000372', 'Paudi Wala Gurudwara Old Mahavir Nagar', 'Tilak Nagar', 'DL', 'OTHER'),
('CUSTA000373', 'RAM DASS PRITAM SINGH', 'SHAHDARA', 'DL', 'GT'),
('CUSTA000374', 'Wheatgrass Production Wastage', '', 'HR', 'OTHER'),
('CUSTA000375', 'Shambhu Roadways', '', 'GJ', 'OTHER'),
('CUSTA000376', 'PSP Trans Carriers', '', 'DL', 'OTHER'),
('CUSTA000377', 'RMBV HYPERMARKET LLP', 'Pooth Kalan', 'DL', 'GT'),
('CUSTA000378', 'BAJRANG ENTERPRISES', 'E-8, SECTOR-61', 'UP', 'MT'),
('CUSTA000379', 'Nature Products', 'KASHI NAGAR', 'KT', 'MT'),
('CUSTA000380', 'Jagdamba Enterprises Delhi-K', '', 'DL', 'GT'),
('CUSTA000381', 'Singh Trading Company', 'New Friends Colony', 'DL', 'GT'),
('CUSTA000382', 'Indiyum Foods Private Limited-Cust', '', 'HR', 'OTHER'),
('CUSTA000383', 'Harpender Singh HR', '', 'HR', 'OTHER'),
('CUSTA000384', 'Kayem Food Industries Pvt. Ltd.', '', 'DL', 'OTHER'),
('CUSTA000385', 'PREETI RETAILS', 'SHYAM VIHAR PHASE-1', 'DL', 'GT'),
('CUSTA000386', 'Guru Nanak Enterprises', 'Khirki Extension', 'DL', 'GT'),
('CUSTA000387', 'Shri Balaji Traders', '', 'PB', 'GT'),
('CUSTA000388', 'LAXMI STORE', '', 'UP', 'GT'),
('CUSTA000389', 'Ganpati Enterprises', '', 'UP', 'GT'),
('CUSTA000390', 'Puran Store Pvt. Ltd.', 'West Delhi,', 'DL', 'GT'),
('CUSTA000391', 'PURAN STORE', 'UTTAM NAGAR, West Delhi,', 'DL', 'GT'),
('CUSTA000392', 'GOEL STORE', '', 'DL', 'GT'),
('CUSTA000393', 'SRTP GOURMET FOODS PVT. LTD.', 'MADANGIR,', 'DL', 'OTHER'),
('CUSTA000394', 'Akal Information Systems Ltd.', '', 'DL', ''),
('CUSTA000395', 'Cash Sale F-3 (Navjot)', '', 'DL', 'OTHER'),
('CUSTA000396', 'RM BURARI HYPERMARKET LLP', 'BURARI,', 'DL', 'GT'),
('CUSTA000397', 'SHIVAY EDIBLES PRIVATE LIMITED', '', 'DL', 'OTHER'),
('CUSTA000398', 'GALAXY DISTRIBUTION', 'Behind House no.114 Sector 17A,', 'HR', 'OTHER'),
('CUSTA000399', 'Om Trading Co', '', 'DL', 'GT'),
('CUSTA000400', 'Green Logistics', 'Shakarpur Near Metro Station', 'DL', 'OTHER'),
('CUSTA000401', 'National Agricultural Coop Mkt Fed (Nafed)', 'South East Delhi,', 'DL', 'OTHER'),
('CUSTA000402', 'Sri Om Udyog', 'North 24 Parganas,', 'WB', 'ROI'),
('CUSTA000403', 'Delhi Punjab Carrier', 'Old GT Karnal Road', 'DL', 'OTHER'),
('CUSTA000404', 'POLEXO OVERSEAS', '', 'UP', 'GT'),
('CUSTA000405', 'ZEA MAIZE PRIVATE LIMITED', '', 'HR', 'GT'),
('CUSTA000406', 'Pragya Kapoor', '(Closest Landmark Starbucks)', 'MH', 'OTHER'),
('CUSTA000407', 'Cash Sale (Factory)', '', 'HR', 'OTHER'),
('CUSTA000408', 'Sona Sweets (Ac)', 'Nehru Place', 'DL', 'HORECA'),
('CUSTA000409', 'Roori Mal Parkash Nath', '', 'PB', 'GT'),
('CUSTA000410', 'Coffret Marketing Pvt Ltd', '', 'DL', 'OTHER'),
('CUSTA000411', 'Rituraj foods India Pvt. Ltd.', '', 'UP', 'OTHER'),
('CUSTA000412', 'Agronic Food Private Limited', '', 'RJ', 'OTHER'),
('CUSTA000413', 'OPTIMA MART (OPC) PRIVATE LIMITED', '', 'DL', 'GT'),
('CUSTA000414', 'Bharat Industries', '', 'HR', 'Institutional'),
('CUSTA000415', 'Deva Marketing', 'Ambala Cantt', 'HR', 'GT'),
('CUSTA000416', 'M/S M.L. Traders', '', 'UP', 'GT'),
('CUSTA000417', 'M/S Kay Sons Oils Pvt Ltd', '', 'HR', 'GT'),
('CUSTA000418', 'Amba Sales', '', 'DL', 'OTHER'),
('CUSTA000419', 'Siddhi Vinayak Enterprises', '', 'PB', 'MT'),
('CUSTA000420', 'Hari Enterprises', 'Uttar Nagar', 'DL', 'OTHER'),
('CUSTA000421', 'INDIA FIRST SERVICES', 'SEWAK PARK UTTAM NAGAR', 'DL', 'OTHER'),
('CUSTA000422', 'Rich Food Agency', '', 'HR', 'OTHER'),
('CUSTA000423', 'RMUN HYPERMARKET', '', 'DL', 'GT'),
('CUSTA000424', 'DURGA TRADERS', 'WEST PATEL NAGAR,', 'DL', 'GT'),
('CUSTA000425', 'Ashok Kumar and sons', '', 'PB', 'GT'),
('CUSTA000426', 'Gurudwara Takhat Sri Kesgarh Sahib', '', 'PB', 'OTHER'),
('CUSTA000427', 'V.R. Traders', '', 'DL', 'GT'),
('CUSTA000428', 'High Commission of Canada', '', 'DL', 'OTHER'),
('CUSTA000429', 'Ujjwal Enterprises', '', 'UP', 'GT'),
('CUSTA000430', 'OMAAN ENTERPRISE', '', 'WB', 'ROI'),
('CUSTA000431', 'PARTHSARTHI UDYOG', '', 'UP', 'GT'),
('CUSTA000432', 'KITCHNRAMA FOOD SERVICE EQUIPMENTS PVT. LTD.', '', 'DL', 'Institutional'),
('CUSTA000433', 'M.S. ENTERPRISES', '', 'PB', 'GT'),
('CUSTA000434', 'Kapoor Trade Links', '', 'PB', 'GT'),
('CUSTA000435', 'Angel Trading Company', '', 'UP', 'GT'),
('CUSTA000436', 'FLIPKART INTERNET PRIVATE LIMITED', '', 'HR', 'E-COMMERCE'),
('CUSTA000437', 'M/S Food Monde', '', 'DL', 'OTHER'),
('CUSTA000438', 'BS HOUSEHOLD  PRODUCTS', '', 'PB', 'GT'),
('CUSTA000439', 'BANSAL AGENCY', '', 'RJ', 'GT'),
('CUSTA000440', 'VEER TARDERS', '', 'PB', 'GT'),
('CUSTA000441', 'Cheema Cooperative Agricultural Service Society Cheema', '', 'PB', 'OTHER'),
('CUSTA000442', 'SACHDEVA DEPARTMENTAL STORE', '', 'HR', 'GT'),
('CUSTA000443', 'Nikhil Cool Point', 'East Delhi', 'DL', 'GT'),
('CUSTA000444', 'SHREE BHOLENATH CARRIERS', 'Sector 9-A, Opp. GMCB Bank,', 'GJ', 'OTHER'),
('CUSTA000445', 'Knowtable Online Services Private Limited', '(Bangalore) Urban,', 'KT', 'ROI'),
('CUSTA000446', 'Free Sample-HR', '', 'HR', 'Other'),
('CUSTA000447', 'SS AGRO PRODUCTS', 'NEREDMET, Medchal', 'TE', 'ROI'),
('CUSTA000448', 'Pyaas Solution', '', 'PB', 'GT'),
('CUSTA000449', 'Dhanuka Electrotech Private Limited', 'Sohna Road,', 'HR', 'GT'),
('CUSTA000450', 'GARG DASTAK', '', 'HR', 'GT'),
('CUSTA000451', 'Budget Bazaar - Lajwanti Garden', '', 'DL', 'GT'),
('CUSTA000452', 'HAVVES ENTERPRISES', '', 'HR', 'GT'),
('CUSTA000453', 'GREEN LEAF INDUSTRIES', '', 'GJ', 'ROI'),
('CUSTA000454', 'SATYAM ENTERPRISES', '', 'HR', 'GT'),
('CUSTA000455', 'Mehra Cold Storage & Logistics', 'IBHARIM PUR', 'DL', 'OTHER'),
('CUSTA000456', 'EARTH LIKE ORGANICS', 'Outside Delhi Gate', 'GJ', 'GT'),
('CUSTA000457', 'Anai Foods', 'Shahabad', 'HR', 'Institutional'),
('CUSTA000458', 'Madan Lal Munish', '', 'PB', 'GT'),
('CUSTA000459', 'GAURAV SALES CORPORATION', '', 'HR', 'OTHER'),
('CUSTA000460', 'Sharma Traders', '', 'PB', 'GT'),
('CUSTA000461', 'RMJH HYPERMARKET', '', 'DL', 'GT'),
('CUSTA000462', 'RMVP HYPERMARKET', 'Nr. Vikas puri Mor', 'DL', 'GT'),
('CUSTA000463', 'RMJP HYPERMARKET', '', 'DL', 'GT'),
('CUSTA000464', 'RM KALKAJI HYPERMARKET', 'South', 'DL', 'GT'),
('CUSTA000465', 'Tarandeep Singh (F-3 Store)', '', 'DL', 'OTHER'),
('CUSTA000466', 'Sukhdev Karyana Store', '', 'PB', 'GT'),
('CUSTA000467', 'S.S.P Packaging Industries Pvt.Ltd.', '', 'DL', 'OTHER'),
('CUSTA000468', 'Handa Enterprises', '', 'PB', 'GT'),
('CUSTA000469', 'Amazon Seller Services Private Limited', 'Mohan Cooperative Industrial Estate', 'DL', 'E-COMMERCE'),
('CUSTA000470', 'STANDARD HERBAL PRODUCTS PRIVATE LIMITED', '', 'HR', 'GT'),
('CUSTA000471', 'Delhi Bors Hospitality', '', 'HR', 'OTHER'),
('CUSTA000472', 'MRK FOODS PRIVATE LIMITED', '', 'DL', 'Institutional'),
('CUSTA000473', 'MAX BAZAAR EXPRESS RETAIL JANAKPURI', '', 'DL', 'GT'),
('CUSTA000474', 'Food IT', 'Khasra No-261', 'DL', 'GT'),
('CUSTA000475', 'Singhal Super Store', '', 'DL', 'GT'),
('CUSTA000476', 'SWAN INDIA ENTERPRISES', '', 'DL', 'OTHER'),
('CUSTA000477', 'SHREE PASUPATI TRADING CO.', '', 'DL', 'GT'),
('CUSTA000478', 'MANISH AGENCIES RETAILS PVT. LTD>', '', 'DL', 'GT'),
('CUSTA000479', 'FIRST FIDDLE RESTAURANTS LLP', '', 'DL', 'OTHER'),
('CUSTA000480', 'ABHAY ENTERPRISES', '', 'PB', 'GT'),
('CUSTA000481', 'Shri Ram Traders', '', 'DL', 'OTHER'),
('CUSTA000482', 'Bikanervala Foods Private Limited', '', 'DL', 'OTHER'),
('CUSTA000483', 'Jagdamba Store', 'Lal Market, Madanpur Khadar, Sarita Vihar', 'DL', 'GT'),
('CUSTA000484', 'Nitya Trading Co.', 'East Delhi', 'DL', 'GT'),
('CUSTA000485', 'AGGARWAL STORE', 'Greater KAILASH-1', 'DL', 'GT'),
('CUSTA000486', 'Harinder Singh & Sons', 'Hoshiarpur', 'PB', 'GT'),
('CUSTA000487', 'Bir Chand Harbans Lal', 'Goraya, Jalandhar', 'PB', 'GT'),
('CUSTA000488', 'T S FOODS', 'Rupnagar, Punjab', 'PB', 'GT'),
('CUSTA000489', 'Sant Baba Prem Singh General Store', 'Kapurthala', 'PB', 'GT'),
('CUSTA000490', 'Aggarwal Karyana Store', 'Phagwara,Kapurthala, Punjab', 'PB', 'GT'),
('CUSTA000491', 'Sagar Karyanna Store', 'Phillaur, Jalandhar', 'PB', 'GT'),
('CUSTA000492', 'Dashmesh Karyana Store', 'Hoshiarpur, Punjab', 'PB', 'GT'),
('CUSTA000493', 'M/S Gopal Traders', 'Moga', 'PB', 'GT'),
('CUSTA000494', 'Guru Kirpa Variety Store', 'Moga', 'PB', 'GT'),
('CUSTA000495', 'Deals In Resale Of Khal & Sugar', 'Near Hukki Wala Chowk, Faridkot', 'PB', 'GT'),
('CUSTA000496', 'EMINENCE INDUSTRY', '100 FT ROAD Amritsar', 'PB', 'GT'),
('CUSTA000497', 'K R ENTERPRISES', 'Ludhiana', 'PB', 'GT'),
('CUSTA000498', 'M/S Om Parkash Mahajan And Co.', 'Gurdaspur', 'PB', 'GT'),
('CUSTA000499', 'Super Grocery Store', 'Nawanshahr', 'PB', 'GT'),
('CUSTA000500', 'Charan Dass Banarsi Dass', '', 'PB', 'GT'),
('CUSTA000501', 'Brij Lal Sohan Lal', 'Barnala', 'PB', 'GT'),
('CUSTA000502', 'Jai Ambey Sales Agency', 'oil Depot Road, Kot Kapura', 'PB', 'GT'),
('CUSTA000503', 'Kalra Trading Co', 'Amritsar', 'PB', 'GT'),
('CUSTA000504', 'Bajaj Traders', 'Shankar Road, Near Gaushala', 'PB', 'GT'),
('CUSTA000505', 'Parkash Chand Ravinder Kumar', 'Budhlada, Mansa', 'PB', 'GT'),
('CUSTA000506', 'Kalyan Gourmet Hub', 'Raghubir Nagar, West Delhi', 'DL', 'OTHER'),
('CUSTA000507', 'VIKRAM TRADING COMPANY', 'FEROZEPUR CANTT, Ferozepur', 'PB', 'GT'),
('CUSTA000508', 'Max Bazaar Express Retail', 'Industrial Area, Delhi', 'DL', 'GT'),
('CUSTA000509', 'DEEPAK TRADING COMPANY - MANSA', 'PARK ROAD Mansa', 'PB', 'GT'),
('CUSTA000510', 'Tayal Traders', '', 'HR', 'GT'),
('CUSTA000511', 'Morning Choice', 'Main Market, Kailash Colony', 'DL', 'GT'),
('CUSTA000512', 'Anand F&B Distributions Private Limited', 'South Delhi', 'DL', 'OTHER'),
('CUSTA000513', 'Goel Foods', 'Kotla Mubarak Pur', 'DL', 'OTHER'),
('CUSTA000514', 'Charanjeet Singh Store', '', 'DL', 'OTHER'),
('CUSTA000515', 'INDIKOR GLOBAL CONSULTING PRIVATE LIMITED', 'Gautam Buddha Nagar', 'UP', 'OTHER'),
('CUSTA000516', 'PANKAJ NORTH', 'NEW DELH', 'DL', 'OTHER'),
('CUSTA000517', 'KARAN FARIDABAD', 'Faidabad', 'HR', 'OTHER'),
('CUSTA000518', 'Haryana Agro Industries Corporation Ltd.', '', 'HR', 'GT'),
('CUSTA000519', 'LAKSHITA TRADING', 'CHATTARPUR', 'DL', 'OTHER'),
('CUSTA000520', 'GLOBAL GOURMETZ', 'Bengaluru (Bangalore) Rural', 'KT', 'ROI'),
('CUSTA000521', 'Tpac Packaging India Pvt. Ltd. II', 'Haridwar', 'UK', 'OTHER'),
('CUSTA000522', 'ART TRADE INDIA ENTERPRISES PRIVATE LIMITED', 'NEW KONDLI', 'DL', 'GT'),
('CUSTA000523', 'Malkeet Veerji', 'Dev Nagar, Karol Bagh', 'DL', 'OTHER'),
('CUSTA000524', 'REGENTA M FOODS', 'SARANGPUR OPP NEW CLOTH MARKET', 'GJ', 'ROI'),
('CUSTA000525', 'RM Nangloi Hypermarket', 'NANGLOI, West Delhi', 'DL', 'GT'),
('CUSTA000526', 'BALAJI TRADING CO.', 'Naharpur, Rohini', 'DL', 'GT'),
('CUSTA000527', 'B2 HOSPITALITY', 'Rajender PLACE, NEW DELHI', 'DL', 'OTHER'),
('CUSTA000528', 'Yashika Enterprises', 'Phase 1, Palam Colony, South West Delhi', 'DL', 'GT'),
('CUSTA000529', 'SHRI BALAJEE ENTERPRISES', 'BAGH, North West Delhi', 'DL', 'GT'),
('CUSTA000530', 'Cloudtail India Private Limited', 'Tehsil- Farrukhanagar', 'HR', 'Private Labling'),
('CUSTA000531', 'INNOVATIVE RETAIL CONCEPTS PVT. LTD.', 'MANESAR', 'HR', 'E-COMMERCE'),
('CUSTA000532', 'SAHIL ENTERPRISES', 'GURGAON', 'HR', 'OTHER'),
('CUSTA000533', 'GARG TRADERS', 'ROHINI', 'DL', 'GT'),
('CUSTA000534', 'KUMAR ENTERPRISES', 'MEHRAULI', 'DL', 'OTHER'),
('CUSTA000535', 'BELIEVE COSMETICS PVT LTD', 'HSR layout', 'KT', 'GT'),
('CUSTA000536', 'BVEG FOODS PRIVATE LIMITED', 'WEST DELHI', 'DL', 'OTHER'),
('CUSTA000537', 'Sandeep Ghosh', 'DLF City', 'HR', 'OTHER'),
('CUSTA000538', 'TIGER ELECTRICALS', '', 'JK', 'OTHER'),
('CUSTA000539', 'Jivo Wellness Pvt. Ltd. UP Cust-Canola', '', 'UP', 'OTHER'),
('CUSTA000540', 'EFFECTS MANAGEMENT SERVICES PVT. LTD.', 'Palam', 'DL', 'OTHER'),
('CUSTA000541', 'Dharamveer Store', '', 'DL', 'OTHER'),
('CUSTA000542', 'Shanky', '', 'PB', 'OTHER'),
('CUSTA000543', 'Bhalinder', '', 'PB', 'OTHER'),
('CUSTA000544', 'Nittin BSU', '', 'PB', 'OTHER'),
('CUSTA000545', 'Pardeep Kumar', '', 'PB', 'OTHER'),
('CUSTA000546', 'Akshay', '', 'PB', 'OTHER'),
('CUSTA000547', 'Manpreet', '', 'PB', 'OTHER'),
('CUSTA000548', 'AGGARWAL SUPERMARCHE PRIVATE LIMITED', 'KIRTI NAGAR', 'DL', 'GT'),
('CUSTA000549', 'NILE INDIA', 'NARAINA', 'DL', 'Institutional'),
('CUSTA000550', 'KISHAN TRADERS', 'PALAM, South West Delhi', 'DL', 'GT'),
('CUSTA000551', 'SRI VENKATESH AROMAS', 'North West Delhi', 'DL', 'GT'),
('CUSTA000552', 'Prince - (Sultanpur Lodhi)', 'Lodhi, Kapurthala, Punjab', 'PB', 'OTHER'),
('CUSTA000553', 'Ranjeet - Alamgir Gurudwara Ludhiana', 'Rd, Ludhiana, Punjab', 'PB', 'OTHER'),
('CUSTA000554', 'Chanderkant - Baba Budha Sahib (Amritsar)', 'Temple Rd, Atta Mandi, Katra Ahluwalia,', 'PB', 'OTHER'),
('CUSTA000555', 'DEL-Raju East', 'Delhi', 'DL', 'OTHER'),
('CUSTA000556', 'DEL-Mohit', 'raj nagar extension', 'DL', 'OTHER'),
('CUSTA000557', 'DEL-Inderjeet Singh', 'Vishnu Garden', 'DL', 'OTHER'),
('CUSTA000558', 'DEL-Tajinder Singh', '', 'DL', 'OTHER'),
('CUSTA000559', 'DEL-Pankaj Gulati', '', 'DL', 'OTHER'),
('CUSTA000560', 'DEL-Mandeep Singh', 'Gali No-8 Vishnu Garden', 'DL', 'OTHER'),
('CUSTA000561', 'N.N. INTERNATIONAL', 'Village Badali', 'DL', 'OTHER'),
('CUSTA000562', 'DEL-Sahil', '', 'DL', 'OTHER'),
('CUSTA000563', 'NILKANTH ENTERPRISE', 'Complex, Madhupura chowk, madhupura', 'GJ', 'ROI'),
('CUSTA000564', 'Krishna Traders', 'Pocket-Ii', 'DL', 'GT'),
('CUSTA000565', 'DEL-Manik Bajwa', 'Vishnu Garden', 'DL', 'OTHER'),
('CUSTA000566', 'Vikas Enterprises', 'Laxmi Nagar', 'DL', 'GT'),
('CUSTA000567', 'BSM RAJENDRA NAGAR PRIVATE LIMITED', 'SAHIBABAD', 'UP', 'GT'),
('CUSTA000568', 'KRH RETAIL LLP', 'SECTOR-4, VAISHALI', 'UP', 'GT'),
('CUSTA000569', 'GULSHAN TRADERS', 'TRI NAGAR, DELHI', 'DL', 'GT'),
('CUSTA000570', 'PRABHU & SONS FOODS TRADERS LLP', 'GURUGRAM', 'HR', 'GT'),
('CUSTA000571', 'SHREE KAVITA SALES', 'INDORE', 'MP', 'ROI'),
('CUSTA000572', 'INDIAN SPICE OIL INDUSTRIES', 'INDUSTRIAL AREA, Ghaziabad', 'UP', 'GT'),
('CUSTA000573', 'DEL-Rajdeep Singh', '', 'DL', 'OTHER'),
('CUSTA000574', 'DEL-Amritpal Singh', '', 'DL', 'OTHER'),
('CUSTA000575', 'Bharat raheja - cash Sale', 'Sonipat', 'HR', 'OTHER'),
('CUSTA000576', 'Max Hypermarket India Pvt. Ltd', 'Near Subhash Nagar Metro Station', 'DL', 'MT'),
('CUSTA000577', 'More Retail Private Limited', 'Rohini West', 'DL', 'MT'),
('CUSTA000578', 'Kendriya Bhandar', 'PUSHPA BHAWAN, MADANGIR ROAD, SAKET', 'DL', 'MT'),
('CUSTA000579', 'DEL-Ravinder Singh', 'VISHNU GARDEN', 'DL', 'OTHER'),
('CUSTA000580', 'SPENCERS RETAIL LTD', 'VILLAGE KHAINTAWAS', 'HR', 'MT'),
('CUSTA000581', 'NOT MEAT', 'CENTRAL DELHI', 'DL', 'OTHER'),
('CUSTA000582', 'Al-Hind Trade India', 'SHARDHAMAN MARG MOTHER DAIRY', 'DL', 'GT'),
('CUSTA000583', 'SACHDEVA AGENCY', 'Ashok Nagar', 'DL', 'OTHER'),
('CUSTA000584', 'Singh Traders', 'Keshav Puram', 'DL', 'GT'),
('CUSTA000585', 'G.S. BIOCHEMI', 'BAWANA INDUSTRIAL AREA, BAWANA', 'DL', 'GT'),
('CUSTA000586', 'KRISHANA ENTERPRISES', 'COMMERCIAL COMPLEX, AZADPUR', 'DL', 'OTHER'),
('CUSTA000587', 'DEL-Ravinder Uncle', '', 'DL', 'OTHER'),
('CUSTA000588', 'DEL-Sukhvinder Singh', '', 'DL', 'OTHER'),
('CUSTA000589', 'RAJIV TRADING COMPANY', 'FARIDABAD', 'HR', 'GT'),
('CUSTA000590', 'GURU KIRPA ENTERPRISES', 'BAREILLY', 'UP', 'OTHER'),
('CUSTA000591', 'SNAPDEAL PRIVATE LIMITED', 'Golf course extension road, Sector-59', 'HR', 'E-COMMERCE'),
('CUSTA000592', 'Abu Dhabi Vegetable Oil Company LLC', '', 'AD', 'Export'),
('CUSTA000593', 'KANSHI RAM SOM CHAND', '', 'PB', 'GT'),
('CUSTA000594', 'DEL-Puneet Pankaj NC', 'Anand Parvat', 'DL', 'GT'),
('CUSTA000595', 'DEL-Harmeet Singh', 'Anand Parvat', 'DL', 'OTHER'),
('CUSTA000596', 'KARAN FARIDABAD-30.12.2021', 'Faidabad', 'HR', 'OTHER'),
('CUSTA000597', 'Clearpack Automation Pvt Ltd', '', 'UP', 'OTHER'),
('CUSTA000598', 'RMKB HYPERMARKET LLP', 'Karol Bagh, New delhi', 'DL', 'GT'),
('CUSTA000599', 'RMMT HYPERMARKET LLP', 'Delhi', 'DL', 'GT'),
('CUSTA000600', 'TARA AGRO SALES', '', 'DL', 'OTHER'),
('CUSTA000601', 'HG INTERNATIONAL', 'South Delhi', 'DL', 'OTHER'),
('CUSTA000602', 'Etson Traders', 'New Delhi', 'DL', 'OTHER'),
('CUSTA000603', 'ABHIMAAN TRADERS', '', 'DL', 'OTHER'),
('CUSTA000604', 'Style Just Matters Pvt. Ltd.', 'Masjid Moth', 'DL', 'E-COMMERCE'),
('CUSTA000605', 'SCOOTSY LOGISTICS PVT. LTD.', 'Unitech Cyber Park', 'HR', 'E-COMMERCE'),
('CUSTA000606', 'RMMG HYPERMARKET', 'Uttam Nagar', 'DL', 'GT'),
('CUSTA000607', 'RMPRT HYPERMARKET LLP', 'VIKAS MARG', 'DL', 'GT'),
('CUSTA000608', 'Sai Trading Company', '', 'PB', 'MT'),
('CUSTA000609', 'RMTN HYPERMARKET', 'Najafgarh Road, Nr. Metro Pillar No 496', 'DL', 'GT'),
('CUSTA000610', 'Sanjeev Sahni (CSD)', '', 'DL', 'OTHER'),
('CUSTA000611', 'MOHAN TRADING CO.', '', 'PB', 'GT'),
('CUSTA000612', 'Bareilly Logistics Pvt. Ltd.', '', 'UP', 'OTHER'),
('CUSTA000613', 'WADHWA TRADERS', '', 'PB', 'GT'),
('CUSTA000614', 'DEL-Ramanpreet', 'Khyala Road', 'DL', 'OTHER'),
('CUSTA000615', 'G MEGA MART', 'SECTOR-12-A', 'DL', 'GT'),
('CUSTA000616', 'ROYAL PACKERS', '', 'HR', 'OTHER'),
('CUSTA000617', 'AMAARA FOOD & WELLNESS PVT. LTD.', 'IMT Manesar', 'HR', 'Institutional'),
('CUSTA000618', 'Uttam Trading Company', 'JUNI', 'MP', 'ROI'),
('CUSTA000619', 'Zomato Hyperpure Pvt. Ltd.', '', 'HR', 'E-COMMERCE'),
('CUSTA000620', 'White Traders', '', 'PB', 'GT'),
('CUSTA000621', 'Chirag Enterprises (Gurugram)', '', 'HR', 'GT'),
('CUSTA000622', 'Fashnear Technologies Pvt. Ltd.', '', 'KT', 'OTHER'),
('CUSTA000623', 'Priyanka Food Products', '', 'MP', ''),
('CUSTA000624', 'Lakshmi Store', '', 'DL', 'GT'),
('CUSTA000625', 'Parmar Agencies', '', 'PB', 'GT'),
('CUSTA000626', 'Vadity Ventures', '', 'DL', 'MT'),
('CUSTA000627', 'Mahavira Enterprises', '', 'DL', 'GT'),
('CUSTA000628', 'Waheguru Enterprises', '', 'DL', 'GT'),
('CUSTA000629', 'JB Pneumatics', 'JANAK PURI', 'DL', 'OTHER'),
('CUSTA000630', 'Jivo Wellness Pvt. Ltd. MH Cust-Canola', '', 'MH', ''),
('CUSTA000631', 'TATA 1MG HEALTHCARE SOLUTIONS PVT LTD', '', 'HR', 'E-COMMERCE'),
('CUSTA000632', 'Malhotra Trading Co.', '', 'DL', 'GT'),
('CUSTA000633', 'SMN Foods LLP', '', 'DL', 'GT'),
('CUSTA000634', 'DEL-Kawaljeet Singh', '', 'DL', 'OTHER'),
('CUSTA000635', 'DIVYA ENTERPRISES', 'OUTER RING ROAD', 'DL', 'OTHER'),
('CUSTA000636', 'DEL-Mukesh Kumar', 'Mata Rameshwari Nagar', 'DL', 'OTHER'),
('CUSTA000637', 'Mayank Enterprises', 'Guest House Malout', 'PB', 'GT'),
('CUSTA000638', 'Goyal Trader', '', 'DL', 'GT'),
('CUSTA000640', 'HBK Enterprises', 'West Delhi', 'DL', 'GT'),
('CUSTA000641', 'RMAV Hypermarket LLP', '', 'DL', 'GT'),
('CUSTA000642', 'Stall at Cheema Sahib', 'Sangrur PB IN', 'PB', 'OTHER'),
('CUSTA000643', 'Royal Hospitality', '', 'HR', 'GT'),
('CUSTA000644', 'M/S MOON BEVERAGES LTD.', 'Rajpura', 'DL', 'GT'),
('CUSTA000645', 'Polka Cakes N Coffee', '', 'DL', 'GT'),
('CUSTA000646', 'Seven Star', 'Rajpura', 'DL', 'GT'),
('CUSTA000647', 'Supply Deli India Pvt. Ltd.', 'Civil Lines', 'DL', 'GT'),
('CUSTA000648', 'Raju Sukar Bazaar', '', 'DL', 'OTHER'),
('CUSTA000649', 'Mr Sandwiches', 'Opposite rotary public school', 'HR', 'OTHER'),
('CUSTA000650', 'Shri Ram International', '', 'DL', 'OTHER'),
('CUSTA000651', 'DEL-Charanjeet Singh', '', 'DL', 'OTHER'),
('CUSTA000652', 'L & K Enterprises', '', 'DL', 'OTHER'),
('CUSTA000653', 'Mangat Trading Company', '', 'PB', 'GT'),
('CUSTA000654', 'WAHEGURU TRADERS', 'Sri Muktsar Sahib', 'PB', 'GT'),
('CUSTA000655', 'M/S Vishwas Traders', '', 'JK', 'OTHER'),
('CUSTA000656', 'DHOMEC SOLUTIONS PRIVATE LIMITED', 'Mallampet', 'TE', 'E-COMMERCE'),
('CUSTA000657', 'M/S H.K AGENCIES', '', 'PB', 'GT'),
('CUSTA000658', 'KONDLI BAZAR PVT LTD', '', 'DL', 'GT'),
('CUSTA000659', 'Clearpack Automation Pvt Ltd', '', 'UP', 'OTHER'),
('CUSTA000660', 'VAGMI ENTERPRISES', '', 'RJ', 'OTHER'),
('CUSTA000661', 'Shah Caters', 'Shahbad', 'DL', 'OTHER'),
('CUSTA000662', 'PARAS ENTERPRISES', 'VILLAGE BHABAT ZIRAKPUR', 'PB', 'GT'),
('CUSTA000663', 'Stall at Aahar Pragati Maidan', '', 'DL', 'OTHER'),
('CUSTA000664', 'M/S Deepa Trading Company', '', 'PB', 'GT'),
('CUSTA000665', 'JMD Mineral Water Supplier', '', 'DL', 'GT'),
('CUSTA000666', 'MUSKAN TRADING CO', 'SHAKUR BASTI, North West Delhi', 'DL', 'GT'),
('CUSTA000667', 'NATURES BASKET LIMITED', 'SECTOR-53', 'HR', 'MT'),
('CUSTA000668', 'AHUJA PROVISION AND GENERAL STORE', '', 'DL', 'GT'),
('CUSTA000669', 'Flipkart India Private Limited (N)', 'Marasandra village, hurulagere post,Kasaba', 'KT', 'E-COMMERCE'),
('CUSTA000670', 'Yash Enterprises', '', 'TE', 'ROI'),
('CUSTA000671', 'Maya Store', '', 'DL', 'GT'),
('CUSTA000672', 'Mahajan Trading Co.', '', 'PB', 'OTHER'),
('CUSTA000673', 'MADHUBANI MAKHANA PRIVATE LIMITED', 'Madhubani', 'BH', 'OTHER'),
('CUSTA000674', 'Elumalai', '', 'DL', 'OTHER'),
('CUSTA000675', 'DEL-Abhishek Kumar', '', 'DL', 'OTHER'),
('CUSTA000676', 'SS Enterprises', '', 'DL', 'GT'),
('CUSTA000677', 'DEL-Raju Shukla', '', 'DL', 'OTHER'),
('CUSTA000678', 'Chintpurni Trading Company', '', 'PB', 'GT'),
('CUSTA000679', 'Gupta Masala Bhandar', '', 'DL', 'OTHER'),
('CUSTA000680', 'DEL-Gurpreet Singh', 'Chander Vihar', 'DL', 'OTHER'),
('CUSTA000681', 'Fusion Foods', '', 'WB', 'ROI'),
('CUSTA000682', 'Maharani Retail', '', 'DL', 'OTHER'),
('CUSTA000683', 'M S A TRADERS', '', 'UP', 'GT'),
('CUSTA000684', 'SRI ADITYA SALES INCORPORATION', 'Visakhapatnam', 'AP', 'ROI'),
('CUSTA000685', 'CHOKHI DHANI FOODS', '', 'RJ', 'OTHER'),
('CUSTA000686', 'DATAVISION VENTURES LLP', '', 'DL', 'OTHER'),
('CUSTA000687', 'CESTA SERVICES LLP', '', 'DL', 'OTHER'),
('CUSTA000688', 'Agrim Sales', '', 'DL', 'OTHER'),
('CUSTA000689', 'Ashish Enterprises', '', 'PB', 'GT'),
('CUSTA000690', 'Marche Retail Pvt Ltd', 'Gurugram ,HR 122002', 'HR', 'MT'),
('CUSTA000691', 'Bansal Trading Co.', '', 'DL', 'OTHER'),
('CUSTA000692', 'Kwality Store', 'Malviya Nagar', 'DL', 'GT'),
('CUSTA000693', 'Shri Ridhi Sidhi Trading Co.', '', 'PB', 'GT'),
('CUSTA000694', 'JIVO MART PVT. LTD.', '', 'DL', 'E-COMMERCE'),
('CUSTA000695', 'GTB Enterprises', 'NEW DELHI, West Delhi,', 'DL', 'OTHER'),
('CUSTA000696', 'Nature-Fit Healthtech Pvt Ltd', '', 'MH', 'E-COMMERCE'),
('CUSTA000697', 'Gamut Trading Co.', '', 'DL', 'GT'),
('CUSTA000698', 'DEL-Pintu singh', '', 'DL', 'OTHER'),
('CUSTA000699', 'GIRISH WALIA', 'JAI VIHAR', 'DL', 'OTHER'),
('CUSTA000700', 'A.J Traders', '180010', 'JK', 'GT'),
('CUSTA000701', 'Online Cash Sale (Website)', '', 'SK', 'E-COMMERCE'),
('CUSTA000702', 'JioMart', 'Lokmanya Tilak Marg', 'MH', 'E-COMMERCE'),
('CUSTA000703', 'Amazon Local Shop', '', 'ME', 'E-COMMERCE'),
('CUSTA000704', 'Bravest Trading Co.', '', 'PB', 'GT'),
('CUSTA000705', 'CHAWLA EGG AND COLD DRINKS STORE', 'Tarn Taran, Punjab', 'PB', 'GT'),
('CUSTA000706', 'PILGRIMAGE INCUBATION PRIVATE LIMITED', 'Indore', 'MP', 'OTHER'),
('CUSTA000707', 'M/s Royal Bazaar', '', 'JK', 'GT'),
('CUSTA000708', 'DeepJyot Traders', '', 'DL', 'GT'),
('CUSTA000709', 'SHIV RAM & SONS', '', 'JK', 'GT'),
('CUSTA000710', 'Blessing Advertising Pvt. Ltd. (B Sahib)', '', 'HR', 'OTHER'),
('CUSTA000711', 'K SQUARE FOODS', '1A, SEEMATHAMMAN COLONY', 'TN', 'GT'),
('CUSTA000712', 'Shree Balaji Store', 'Sector-7', 'DL', 'GT'),
('CUSTA000713', 'Sai Ish Traders', '', 'DL', 'GT'),
('CUSTA000714', 'Prathana Caterer & Traders', 'Subhash Nagar', 'DL', 'OTHER'),
('CUSTA000715', 'Nitin Kumar', 'Badli Extension', 'DL', 'OTHER'),
('CUSTA000716', 'Tyagi Cuisines', 'Karampura', 'DL', 'GT'),
('CUSTA000717', 'Lata Grocery Store', 'NEAR SAI BABA MANDIR', 'DL', 'GT'),
('CUSTA000718', 'Priyanshi Enterprises', 'AGRA Mathura Road', 'UP', 'GT'),
('CUSTA000719', 'Sham Traders', 'S.A.S Nagar', 'PB', 'GT'),
('CUSTA000720', 'Future Foods Company', 'South Beach', 'KE', 'ROI'),
('CUSTA000721', 'Onesto Ventes Trading And Distribution', 'Mubarakpur', 'DL', 'GT'),
('CUSTA000722', 'Vinayak Logistics and Supply Chain', '', 'RJ', 'GT'),
('CUSTA000723', 'Aggarwal Beverages Private Limited', 'Connaught Place, New Delhi', 'DL', 'GT'),
('CUSTA000724', 'DD AGENCY', '', 'DL', 'GT'),
('CUSTA000725', 'DEL-Gopal Singh', '', 'DL', 'OTHER'),
('CUSTA000726', 'SUPERMARKET GROCERY SUPPLIES PVT. LTD.', 'PHASE-IX, INDUSTRIAL AREA', 'PB', 'MT'),
('CUSTA000727', 'THE GREAT HERBAL', '', 'UP', 'E-COMMERCE'),
('CUSTA000728', 'Vaishno Trading Company', '', 'PB', 'GT'),
('CUSTA000729', 'Matlotia Hardware Store', 'Jawalamukhi', 'HP', 'GT'),
('CUSTA000730', 'Shree Jeen Traders', 'DDA Market, Sector-3', 'DL', 'GT'),
('CUSTA000731', 'S.K Ceremonies Pvt Ltd.', 'Near EDM Mall', 'DL', 'GT'),
('CUSTA000732', 'S K M FOODS INDIA', '', 'DL', 'GT'),
('CUSTA000733', 'DILMOHIT SINGH', 'SEC-127, KHARAR', 'PB', 'OTHER'),
('CUSTA000734', 'THE CACAO NIBS', '', 'DL', 'OTHER'),
('CUSTA000735', 'Winsome Hospitality Consulting Group', '', 'HR', 'GT'),
('CUSTA000736', 'Hari Global Advisory Services', 'Sector 29', 'HR', 'OTHER'),
('CUSTA000737', 'S. S. ENTERPRISES', 'South Side Village', 'DL', 'GT'),
('CUSTA000738', 'Tanishq Traders', 'DWARKA, NEW DELHI, New Delhi', 'DL', 'GT'),
('CUSTA000739', 'Chander Mohan Ramesh Kumar', '', 'PB', 'GT'),
('CUSTA000740', 'Jivo Wellness Pvt. Ltd. BKP Cust-Canola', '', 'HR', 'OTHER'),
('CUSTA000741', 'Cash Sale F-3 (Delivery)', '', 'DL', 'OTHER'),
('CUSTA000742', 'HOTEL NICE', 'Momin Nagar', 'MH', 'OTHER'),
('CUSTA000743', 'Mohit Enterprises', 'Near Gaurav Photo Shop', 'HR', 'OTHER'),
('CUSTA000744', 'NO1INDIANVAPESHOP', 'Aggarwal Cyber Plaza 1', 'DL', 'OTHER'),
('CUSTA000745', 'Goel Store GZB', '', 'UP', 'GT'),
('CUSTA000746', 'Shashi Enterprise', 'Near OLD GGIC', 'UP', 'GT'),
('CUSTA000747', 'R K WorldInfocom Pvt. Ltd.(Ecom)', 'LLP Village- Farrukhnagar', 'HR', 'E-COMMERCE'),
('CUSTA000748', 'Gurudev Enterprises', 'Pahar Ganj', 'DL', 'GT'),
('CUSTA000749', 'Simran Enterprises', 'Fazalganj', 'UP', 'GT'),
('CUSTA000750', 'Gayatri Associates', '', 'DL', 'GT'),
('CUSTA000751', 'Libra Enterprises', '', 'DL', 'GT'),
('CUSTA000752', 'Shree Krishna Corporation', 'Kanpur Road', 'UP', 'GT'),
('CUSTA000753', 'R K M Traders', '', 'PB', 'GT'),
('CUSTA000754', 'Guru Nanak Hypermarket', '', 'DL', 'GT'),
('CUSTA000755', 'Satguru Sai Trader', 'Metro Station Opp Pillar No. 431', 'DL', 'OTHER'),
('CUSTA000756', 'TRU SPICES', '', 'DL', 'OTHER');
INSERT INTO tbl_party (CardCode, CardName, Address, State, MainGroup) VALUES
('CUSTA000757', 'Parmanand Prem Prakash & Co.', '', 'DL', 'OTHER'),
('CUSTA000758', 'Dhingra Traders', '', 'DL', 'GT'),
('CUSTA000759', 'Giri Raj Store', '', 'DL', 'GT'),
('CUSTA000760', 'Bankey Bihari Trading', '', 'DL', 'GT'),
('CUSTA000761', 'Malik Cold Drinks', '', 'DL', 'OTHER'),
('CUSTA000762', 'Akash Trading Company', 'Jawahar Park', 'DL', 'GT'),
('CUSTA000763', 'MKV Enterprises', '', 'PY', 'ROI'),
('CUSTA000764', 'Health Hunt', '', 'UP', 'OTHER'),
('CUSTA000765', 'Manhas Trading Company', '', 'HP', 'GT'),
('CUSTA000766', 'BG Agencies', '', 'TN', 'GT'),
('CUSTA000767', 'DEL-Deepak Bhardwaj', '', 'DL', 'OTHER'),
('CUSTA000768', 'PAPA JI FOOD AND BEVERAGE PVT LTD', '', 'DL', 'GT'),
('CUSTA000769', 'Lajawab Dhaba', '', 'DL', 'OTHER'),
('CUSTA000770', 'THAKAT RAM ISHWAR DASS', '', 'HR', 'GT'),
('CUSTA000771', 'SHARMA CONFECTIONERY & GENERAL STORE', '', 'HP', 'GT'),
('CUSTA000772', 'RM Dwarka Hypermarket Sec.-23', 'Village Pochanpur', 'DL', 'GT'),
('CUSTA000773', 'Hari Om Enterprise', 'OPP - D-150', 'UP', 'GT'),
('CUSTA000774', 'Crecent Agencies', '', 'KE', 'GT'),
('CUSTA000775', 'Kiranewala Sales India', 'Gali No. 1, Prem Nagar', 'DL', 'GT'),
('CUSTA000776', 'M/S SHREE SHYAM FOODS', 'Near kanchenjunga Market', 'UP', 'OTHER'),
('CUSTA000777', 'Batra Enterprises', 'Patiala', 'PB', 'OTHER'),
('CUSTA000778', 'Shri Bala Ji Agency', '', 'HR', 'GT'),
('CUSTA000779', 'Jain Medical and General Store', '', 'MP', 'OTHER'),
('CUSTA000780', 'GUPTA OIL & FLOOR MILLS', '', 'HR', 'OTHER'),
('CUSTA000781', 'Reliance Retail Limited (Claims)', 'VKI Jaipur', 'RJ', 'MT'),
('CUSTA000782', 'SUBHASH CHANDER TARUN KUMAR', '', 'PB', 'GT'),
('CUSTA000783', 'DAVINDER KUMAR ASHOK KUMAR', '', 'PB', 'OTHER'),
('CUSTA000784', 'Krishna Traders - UP', '', 'UP', 'GT'),
('CUSTA000785', 'M/s SUPER DEPARTMENTAL STORE', 'Sector 2B', 'UP', 'GT'),
('CUSTA000786', 'Savita Oil Technologies Limited', '', 'MH', 'Institutional'),
('CUSTA000787', 'M/S BALAJI TRADING CO.', '', 'UK', 'OTHER'),
('CUSTA000788', 'Veer Ji Traders', '', 'HR', 'GT'),
('CUSTA000789', 'ARNEJA TRADING COMPANY', 'ANAJ MANDI', 'PB', 'OTHER'),
('CUSTA000790', 'JAIN TRADING CO.', '', 'HR', 'GT'),
('CUSTA000791', 'Chauhan Enterprises', 'P/O Haibargaon', 'AS', 'GT'),
('CUSTA000792', 'Kundan Lal Shiv Kumar', '', 'PB', 'OTHER'),
('CUSTA000793', 'S.A Enterprise', 'Sector 7', 'JK', 'GT'),
('CUSTA000794', 'K.M Traders', '', 'DL', 'GT'),
('CUSTA000795', 'Wise Neosco India Private Limited', 'AT Omaxe India Trade Center Pvt. Ltd.', 'UP', 'OTHER'),
('CUSTA000796', 'Basak Enterprises', '', 'AS', 'GT'),
('CUSTA000797', 'Bala Ji Traders', '', 'DL', 'GT'),
('CUSTA000798', 'Jai Ambey Traders', '', 'HR', 'GT'),
('CUSTA000799', 'AHK International', 'IGNOU, ROAD', 'DL', 'OTHER'),
('CUSTA000800', 'RNS AGENCIES', '', 'MZ', 'ROI'),
('CUSTA000801', 'Santoshi Enterprises', 'Near Hanuman Mandir', 'HR', 'GT'),
('CUSTA000802', 'MUHAVRA ENTERPRISES PRIVATE LIMITED', 'Ujagar Compound', 'MH', 'OTHER'),
('CUSTA000803', 'SOHAN PROVISION STORE', '', 'PB', 'OTHER'),
('CUSTA000804', 'Jasmail singh', '', 'PB', 'OTHER'),
('CUSTA000805', 'I.H. FOODS', 'Shop No. 6, Burhani Building 55', 'MH', 'OTHER'),
('CUSTA000806', 'Mosaram Vyapar', '', 'UP', 'OTHER'),
('CUSTA000807', 'VDH Organic (P) Ltd', 'Site No. 3, Sector - 22', 'UP', 'GT'),
('CUSTA000808', 'Makkar General Store', '', 'PB', 'OTHER'),
('CUSTA000809', 'Rama Departmental Store', '', 'PB', 'OTHER'),
('CUSTA000810', 'Wave Enterprises', 'TEMBLE ROAD MELAKKAM', 'KE', 'OTHER'),
('CUSTA000811', 'Shree Roop Agencies', 'TELEPHONE EXCHANGE COLONY', 'PB', 'GT'),
('CUSTA000812', 'Mohan Lal Sobh Raj', '', 'HR', 'GT'),
('CUSTA000813', 'Brill International', 'KATRA ISHWAR BHAWAN', 'DL', 'OTHER'),
('CUSTA000814', 'Deepti Enterprises', '', 'MP', 'OTHER'),
('CUSTA000815', 'NEW GOYAL KARYANA STORE', '', 'PB', 'OTHER'),
('CUSTA000816', 'HK Agencies', '', 'PB', 'GT'),
('CUSTA000817', 'Hare Krishna Traders', 'Garhi', 'DL', 'GT'),
('CUSTA000818', 'Swarnim Enterprises', '', 'MP', 'GT'),
('CUSTA000819', 'Sandeep Kaushik Agency', '', 'UP', 'GT'),
('CUSTA000820', 'Gurdeep Singh', '', 'PB', 'OTHER'),
('CUSTA000821', 'Babu Ram & Sons', '', 'PB', 'OTHER'),
('CUSTA000822', 'Paradise Tea Company', '', 'PB', 'OTHER'),
('CUSTA000823', 'Chauhan Super Mart', 'C-36, Milap Nagar', 'DL', 'GT'),
('CUSTA000824', 'Max Bazaar (Uttam Nagar)', 'Metro Pillar No. 725', 'DL', 'GT'),
('CUSTA000825', 'JOT ELECTRO CARE', 'PUNJAB MATA NAGAR', 'PB', 'OTHER'),
('CUSTA000826', 'MODZONE ENTERPRISES', '', 'DL', 'OTHER'),
('CUSTA000827', 'SHREE AGRASEN ENTERPRISES', 'Ganesh Nagar', 'DL', 'OTHER'),
('CUSTA000828', 'Krishna Super Store', '', 'UP', 'OTHER'),
('CUSTA000829', 'M/S RISHABH ENTERPRISES', '', 'UP', 'GT'),
('CUSTA000830', 'Chauhan Brothers', '', 'HP', 'OTHER'),
('CUSTA000831', 'BINGO ENTERPRISES', 'Baner Pashan Link Road', 'MH', 'OTHER'),
('CUSTA000832', 'Harman Enterprises', 'GOD GIFTVILLA CHANAKYA PURI', 'PB', 'OTHER'),
('CUSTA000833', 'MXBIZZ', 'JAWALA STATE', 'PB', 'OTHER'),
('CUSTA000834', 'TY Store', '', 'AR', 'OTHER'),
('CUSTA000835', 'Tesmart Stores', '', 'HR', 'OTHER'),
('CUSTA000836', 'BEE PEE MART', '', 'UP', 'OTHER'),
('CUSTA000837', 'R K WorldInfocom Pvt. Ltd.', 'ESR Sohna Logistics Park', 'HR', 'E-COMMERCE'),
('CUSTA000838', 'Aromatice Veggies Private Limited', '', 'DL', 'GT'),
('CUSTA000839', 'SHREENATH LOGISTICS', 'SUDAMAPURI', 'GJ', 'OTHER'),
('CUSTA000840', 'Shree Baba Ji Enterprises', 'B-3/70, SECTOR 6', 'DL', 'OTHER'),
('CUSTA000841', 'Air Trans', '', 'DL', 'OTHER'),
('CUSTA000842', 'J. Pee Engineers & Packaging Pvt. Ltd.', '', 'DL', 'OTHER'),
('CUSTA000843', 'DIL EXIM COMMODITIES PRIVATE LIMITED', '150 FEET RING ROAD', 'GJ', 'OTHER'),
('CUSTA000844', 'APEKSHA GOURMET JAR PRIVATE LIMITED', '', 'UP', 'OTHER'),
('CUSTA000845', 'Kalra Karyana Store', '', 'PB', 'GT'),
('CUSTA000846', 'DEL-Pawan Kashyap', '', 'DL', 'OTHER'),
('CUSTA000847', 'NTC SUPPLY CHAIN SOLUTIONS PVT LTD', '', 'HR', 'OTHER'),
('CUSTA000848', 'Anuraag aggarwal', '', 'UP', 'OTHER'),
('CUSTA000849', 'Neem Leaf Organics', '', 'TE', 'OTHER'),
('CUSTA000850', 'THOPPCAN BIOHACK PRIVATE LIMITED', 'LEIKAI, IMPHAL WEST', 'MN', 'GT'),
('CUSTA000851', 'GRG and Sons', 'SANT NAGAR EAST OF KAILASH', 'DL', 'GT'),
('CUSTA000852', 'RMDC Hypermarket', 'Sector-9', 'DL', 'GT'),
('CUSTA000853', 'A S Logistics Service', 'Shalimar Garden Extension-2', 'UP', 'OTHER'),
('CUSTA000854', 'POONIA ROADLINES', '', 'RJ', 'OTHER'),
('CUSTA000855', 'Anurag Traders', '', 'UP', 'GT'),
('CUSTA000856', 'R K ENTERPRISES', '', 'RJ', 'GT'),
('CUSTA000857', 'ELITE GROUP', 'ELITE UNISEX SALOON AND SPA', 'OR', 'OTHER'),
('CUSTA000858', 'Arv Sales Corporation', 'SECTOR 46', 'HR', 'GT'),
('CUSTA000859', 'KARMA AUTOMATION INDUSTRIES', '', 'MH', 'OTHER'),
('CUSTA000860', 'Surinder Trader', '', 'PB', 'OTHER'),
('CUSTA000861', 'Arham Trading Co.', '', 'DL', 'OTHER'),
('CUSTA000862', 'BARAL LOGISTICS PVT LTD', '', 'DL', 'OTHER'),
('CUSTA000863', 'Shri Laxmi Automobiles', 'Jeron Road, Prithvipur', 'MP', 'GT'),
('CUSTA000864', 'MS Green Tech Solutions', '', 'HP', 'GT'),
('CUSTA000865', 'Ambika Store', '', 'UP', 'GT'),
('CUSTA000866', 'ANNAPURNA', '', 'HR', 'OTHER'),
('CUSTA000867', 'RAVI ENTERPRISE', 'Opp. Ashakta Asharam Hospital', 'GJ', 'OTHER'),
('CUSTA000868', 'Durga Traders', '', 'UP', 'GT'),
('CUSTA000869', 'Universal Food Services', '', 'DL', 'OTHER'),
('CUSTA000870', 'SIDDHI VINAYAK ENTERPRISE - GJ', '', 'GJ', 'OTHER'),
('CUSTA000871', 'Planet Foods', '', 'MH', 'OTHER'),
('CUSTA000872', 'ELIXMIR FOODS LLP', '', 'DL', 'OTHER'),
('CUSTA000873', 'ELIXDOTE FOODS LLP', '', 'HR', 'OTHER'),
('CUSTA000874', 'Esculent foods LLP', '', 'DL', 'OTHER'),
('CUSTA000875', 'BE Greener Retail Private Limited', '', 'DL', 'OTHER'),
('CUSTA000876', 'ABAH GLOBAL FZCO', '', '', 'Export'),
('CUSTA000877', 'Goyal trading company', '', 'DL', 'GT'),
('CUSTA000878', 'INFINATOR PRIVATE LIMITED', '', 'GJ', 'OTHER'),
('CUSTA000879', 'Bappy Di Hatti', '', 'DL', 'OTHER'),
('CUSTA000880', 'Vihana Collection', '', 'WB', 'ROI'),
('CUSTA000881', 'New Rohtash Mishtan Bhandar', '', 'UP', 'OTHER'),
('CUSTA000882', 'K. K Traders', 'Nautanwa', 'UP', 'OTHER'),
('CUSTA000883', 'Baweja\'s Cake n Bakes', 'NIT', 'HR', 'OTHER'),
('CUSTA000884', 'Plush Beauty Castle', '', 'DL', 'OTHER'),
('CUSTA000885', 'RED BASIL TECHNOLOGIES PVT LTD', 'DLF', 'HR', 'OTHER'),
('CUSTA000886', 'SRIYASH COMBINE', 'Cauveri Nagar Main Road', 'TN', 'ROI'),
('CUSTA000887', 'Yogita Nevatia', '', 'WB', 'OTHER'),
('CUSTA000888', 'Bala JI Supermarket', '', 'PB', 'GT'),
('CUSTA000889', 'Amanullah Mohamed Habibi', '', 'KT', 'OTHER'),
('CUSTA000890', 'Be Greenr Mahanagar Foods LLP', '', 'MH', 'OTHER'),
('CUSTA000891', 'AMIT DEPARTMENTAL STORE', '', 'PB', 'OTHER'),
('CUSTA000892', 'NATHU RAM RAKESH KUMAR', 'SHAHKOT, NAKODAR', 'PB', 'GT'),
('CUSTA000893', 'Sham Lal Ashok Kumar', 'AHMEDGARH', 'PB', 'GT'),
('CUSTA000894', 'Shree Ganesh Enterprises', 'R K BHATTACHARYA ROAD', 'BH', 'ROI'),
('CUSTA000895', 'Anav Trading', '', 'DL', 'GT'),
('CUSTA000896', 'Ram Soorat', '', 'HR', 'OTHER'),
('CUSTA000897', 'Kwality Store-PB', 'Jawahar Nagar, Near Bus Stand', 'PB', 'GT'),
('CUSTA000898', 'Industrial Aiders', '', 'HR', 'OTHER'),
('CUSTA000899', 'SITA RAM BISHAMBER DAYAL SINGHAL', 'JANGPURA NEW DELHI', 'DL', 'GT'),
('CUSTA000900', 'AK Trading', '', 'DL', 'GT'),
('CUSTA000901', 'Vikas Enterprises', 'Eleenabad', 'HR', 'GT'),
('CUSTA000902', 'Nirvaan Traders', 'Suvidha Bazar opp Durga Mata mandir', 'HR', 'GT'),
('CUSTA000903', 'Shagun Traders', '(Near Mahrana Partp Dawar), Sahibabad', 'UP', 'GT'),
('CUSTA000904', 'SS TRADING', 'PALAM VILLAGE', 'DL', 'GT'),
('CUSTA000905', 'Ayan Exim India', 'Ground floor, Phase 2', 'DL', 'OTHER'),
('CUSTA000906', 'Laxmi Super store', 'Krishna Nagar', 'DL', 'GT'),
('CUSTA000907', 'Madan Lal & Sons', '', 'PB', 'GT'),
('CUSTA000908', 'Brijwasi Departmental Store', 'Kharar Memorial Trust, Opp. Indian Oil Petrol Pump,Mundi Kharar', 'PB', 'GT'),
('CUSTA000909', 'Maa Vaishno Enterprises', 'SECTOR.20 INDIRA NAGAR', 'UP', 'GT'),
('CUSTA000910', 'Mujosh Hospitality (Italian Ecstasy)', 'Rushiraj Enclave D\'souza Colony College Road', 'MH', 'GT'),
('CUSTA000911', 'Nextflavour Food Private Limited - Greenit', 'First Floor Line DLF Phase-3', 'HR', 'GT'),
('CUSTA000912', 'A To Z Suppliers', 'BG Shirke Road, Ghorpadi', 'MH', 'E-COMMERCE'),
('CUSTA000913', 'CHIRANJIV ENTERPRISES', 'Pushkar Mandi Road', 'UK', 'GT'),
('CUSTA000914', 'Chauhan Enterprises', '', 'HP', 'GT'),
('CUSTA000915', 'Dhingra Enterprises', 'STREET NO.-4 GURDIT NAGARNEAR BULLANWARI', 'PB', 'GT'),
('CUSTA000916', 'SK Traders', 'ALIPUR ROAD', 'PB', 'GT'),
('CUSTA000917', 'SUVARN ENTERPRISES', 'Kahnuwan Road Guru Nanak Colony, Batala', 'PB', 'GT'),
('CUSTA000918', 'Harganga Ram Krishan Kumar', 'NARWANA', 'HR', 'GT'),
('CUSTA000919', 'Nanu Ram Ram Kishore', '', 'HR', 'GT'),
('CUSTA000920', 'U-Like Variety Store', '', 'HR', 'GT'),
('CUSTA000921', 'QATAR LUBRICANTS COMPANY', '', '', 'OTHER'),
('CUSTA000922', 'SHREE BALAJI TRADING CO.', 'Budhlada', 'PB', 'GT'),
('CUSTA000923', 'JRT HOSPITALITY', 'NEAR NARINDER NAGAR', 'PB', 'GT'),
('CUSTA000924', 'TEJAS LOGISTICS', '', 'UP', 'OTHER'),
('CUSTA000925', 'Anmol Enterprises', 'GAUSHALA ROAD', 'PB', 'GT'),
('CUSTA000926', 'Sood Departmental Store', 'Ghugian Road', 'PB', 'GT'),
('CUSTA000927', 'SNC Enterprises', '', 'HR', 'GT'),
('CUSTA000928', 'JRS TRADING COMPANY', '', 'HP', 'GT'),
('CUSTA000929', 'Gurdaspur Ex Serviceman Family Canteen', 'P.o. Dehriwal Daroga', 'PB', 'E-COMMERCE'),
('CUSTA000930', 'Green Grain Bowl LLP', 'Near 4 Pillars Hotel, Mala, Panaji', 'GO', 'OTHER'),
('CUSTA000931', 'BIBEKIS', 'KH.NO. 13/19. RZ-V-26 BLOCK-V NANGLOI', 'DL', 'OTHER'),
('CUSTA000932', 'Aggarwal traders', 'Near Madhu hospital', 'PB', 'GT'),
('CUSTA000933', 'CHETNA ROADLINES', '', 'HR', 'OTHER'),
('CUSTA000934', 'Rahul Enterprises', 'VIJAY NAGAR DOUBLE STOREY', 'DL', 'GT'),
('CUSTA000935', 'DG Sales', '', 'UP', 'GT'),
('CUSTA000936', 'Sunil Trader', 'AMBALA CANTT', 'HR', 'GT'),
('CUSTA000937', 'Ganpati Traders', 'NEAR GIRLS SCHOOL, HARKRISHAN NAGAR', 'PB', 'GT'),
('CUSTA000938', 'Ashish Enterprises', 'KHAMANO', 'PB', 'GT'),
('CUSTA000939', 'SS ENTERPRISES', 'South West Delhi', 'DL', 'GT'),
('CUSTA000940', 'Agarwal Papad Udyog', '', 'RJ', 'GT'),
('CUSTA000941', 'SANGRAM SINGH SAMRA', '', 'DL', 'OTHER'),
('CUSTA000942', 'DEEPAK TRADING COMPANY (Patiala)', 'TRIPURI TOWN,', 'PB', 'GT'),
('CUSTA000943', 'B S A ENGINEERING LLP', '', 'DL', 'OTHER'),
('CUSTA000944', 'Shiv Shakti Enterprises-Punjab', '', 'PB', 'GT'),
('CUSTA000945', 'SNN NATURAL PRODUCTS', 'PHASE-I, MANGOLPURI INDUSTRIAL AREA', 'DL', 'GT'),
('CUSTA000946', 'Om Parkash Prem Nath', '', 'PB', 'GT'),
('CUSTA000947', 'CONNEDIT BUSINESS SOLUTIONS PRIVATE LIMITED', 'Belori, Katihar SH P.S, Purnia', 'BH', 'Institutional'),
('CUSTA000948', 'KAILASH AGENCIES', 'KALA JI GORA JI COLONY', 'RJ', 'OTHER'),
('CUSTA000949', 'SS ENTERPRISES', 'SANJAY ENCLAVE, JAHANGIRPURI', 'DL', 'GT'),
('CUSTA000950', 'PRIME SALES CORPORATION', 'Karan Nagar', 'JK', 'ROI'),
('CUSTA000951', 'GHAR KA KHANA', '4th floor, Nandibagan, Opp Raipur Electronics', 'WB', 'OTHER'),
('CUSTA000952', 'ABRA AGENCIES', '', 'KE', 'OTHER'),
('CUSTA000953', 'DS Traders', 'Joura phatak', 'PB', 'GT'),
('CUSTA000954', 'Charanjeet Singh Dhaliwal', 'Tehsil Lambi, Dist. Mukatsar Sahib', 'PB', 'OTHER'),
('CUSTA000955', 'BSN Enterprises', 'NEAR ARUNA PARK, SHAKARPUR', 'DL', 'GT'),
('CUSTA000956', 'Max Bazaar ( Budh Vihar)', 'Phase-1, Budh Vihar', 'DL', 'GT'),
('CUSTA000957', 'FINE CAST ENGINEERING WORKS (REGD)', 'Upadhyay Block', 'DL', 'OTHER'),
('CUSTA000958', 'REBELS BY DEFAULT ADVERTISING', 'S V ROAD, VILE, PARLE WEST', 'MH', 'OTHER'),
('CUSTA000959', 'MALIK TRADE CENTRE', 'Parimpora Fruit Mandi Gate No - 1', 'JK', 'GT'),
('CUSTA000960', 'Salad Days (Amicus Natural Products Private Limited)', 'Green Glen Layout', 'KT', 'OTHER'),
('CUSTA000961', 'Rahat Marketing', 'Near Aaradhana/ Star Cinema, SHALIMAR GARDEN EXT-2', 'UP', 'GT'),
('CUSTA000962', 'R.K.TANKER SERVICE', '', 'RJ', 'OTHER'),
('CUSTA000963', 'RAMESHWARAM RICE MILLS PRIVATE LIMITED', 'Sector 141, Noida', 'UP', 'GT'),
('CUSTA000964', 'DEEPAK TRADING CO.', 'PARWANOO', 'HP', 'ROI'),
('CUSTA000965', 'BSM HYPER MARKET', '', 'UP', 'GT'),
('CUSTA000966', 'Rishabh Kohli', '', 'DL', 'OTHER'),
('CUSTA000967', 'Jatin Kumar', '', 'DL', 'OTHER'),
('CUSTA000968', 'CARS24 SERVICES PRIVATE LIMITED', 'Mohan Industrial Estate', 'DL', 'OTHER'),
('CUSTA000969', 'Rohit food and beverages', '', 'CH', 'GT'),
('CUSTA000970', 'Navpreet Singh', '', 'DL', 'OTHER'),
('CUSTA000971', 'Dilpreet Singh', '', 'DL', 'OTHER'),
('CUSTA000972', 'M.G. TRADING COMPANY', 'SANYAS ASHRAM ROAD', 'HR', 'GT'),
('CUSTA000973', 'JK Morwal', '', 'DL', 'OTHER'),
('CUSTA000974', 'Tekzon Industries', 'Raju Park, Devli', 'DL', 'GT'),
('CUSTA000975', 'RK Gupta', '', 'UP', 'OTHER'),
('CUSTA000976', 'O P Trading Company', 'Arya Samaj', 'PB', 'GT'),
('CUSTA000977', 'SINGH ENTERPRISES', '', 'PB', 'GT'),
('CUSTA000978', 'Kajal Singh', 'JJ Colony Khanpur', 'DL', 'OTHER'),
('CUSTA000979', 'Shresta Agencies', '', 'WB', 'ROI'),
('CUSTA000980', 'J C DALAL ENTERPRISE', 'South Twenty Four Parganas', 'WB', 'ROI'),
('CUSTA000981', 'Vishal Super Market', '', 'PB', 'GT'),
('CUSTA000982', 'BANGA SALES', 'BANGA SALES', 'HP', 'ROI'),
('CUSTA000983', 'SHREEJEE DAIRY & FOODS', '', 'MH', 'ROI'),
('CUSTA000984', 'M.R SHAH TRANSPORT', '', 'GJ', 'OTHER'),
('CUSTA000985', 'Gangaur', '', 'DL', 'OTHER'),
('CUSTA000986', 'SHREE SHYAM ENTERPRISES', 'New Multan Nagar, New Delhi, West Delhi', 'DL', 'GT'),
('CUSTA000987', 'Kundan Dass Traders', 'OLD-42, DASHRATH PURI, KH NO-29/17, DABRI', 'DL', 'GT'),
('CUSTA000988', 'M.M Overseas', '', 'UP', 'OTHER'),
('CUSTA000989', 'M.M Overseas (New)', '', 'UP', 'OTHER'),
('CUSTA000990', 'SAPTASHRUNGI AGENCY', 'Near Kanchan Motors Workshop, Jaulke Dindori Fata, Ozar', 'MH', 'OTHER'),
('CUSTA000991', 'LAL CHAND AND SONS', '', 'PB', 'GT'),
('CUSTA000992', 'LASTHOPE ENTERPRISES', 'JAWAHAR COLONY , NIT FARIDABAD,NEAR J P SCHOOL', 'HR', 'OTHER'),
('CUSTA000993', 'OCTAVOS ENTERPRISE SOLUTIONS PRIVATE LIMITED', 'BLOCK A OFFICE 1407 TO 1412, NAVRATNA BUILDSPACE LLP, Ambli Bhopal Road', 'GJ', 'E-COMMERCE'),
('CUSTA000994', 'Gurudwara Siri Guru Singh Sabha', '', 'DL', 'OTHER'),
('CUSTA000995', 'Singla Oils', 'DEVI WALA WATER WORKS ROAD, KOTKAPURA, Faridkot', 'PB', 'GT'),
('CUSTA000996', 'Elanco Trading and Services', 'Khasra No -26/12, Bharat Vihar, West Delhi, South West Delhi', 'DL', 'GT'),
('CUSTA000997', 'Gurcharan Kaur', 'Above Vodaphone East of Kailash', 'DL', 'OTHER'),
('CUSTA000998', 'Hitech Packaging Solution', 'distt-Paschim', 'WB', 'OTHER'),
('CUSTA000999', 'R D RETAIL INDIA PRIVATE LIMITED', 'Khasra No. 4/2, Bijapur, Village, Budhpur Bijapur', 'DL', 'OTHER'),
('CUSTA001000', 'Meenakshi Bhasin', '', 'UP', 'OTHER'),
('CUSTA001001', 'JPS Corporate Pvt Ltd', '', 'HR', 'OTHER'),
('CUSTA001002', 'Srinivasarao J', 'opp sub registrar office, near sarpavaram junction, Gangaraju nagara road no.1', 'AP', 'OTHER'),
('CUSTA001003', 'SURESH DEPARTMENTAL STORE', '', 'DL', 'GT'),
('CUSTA001004', 'R.M Trading Co.', '', 'HR', 'OTHER'),
('CUSTA001005', 'TRESARA HEALTH LIMITED', 'GROUND FLOOR & FIRST FLOOR, BLOCK D, BUILDING II, ROAD, VADAPERUMBAKKAM Ambattur Taluk', 'TN', 'E-COMMERCE'),
('CUSTA001006', 'Sanjiv Sahu', '', 'DL', 'OTHER'),
('CUSTA001007', 'CRISPY CITY FOODS PRIVATE LIMITED', 'KUNDLI', 'HR', 'GT'),
('CUSTA001008', 'Ravinder', '', 'DL', 'OTHER'),
('CUSTA001009', 'Ram Kirpa Departmental Store', 'NEW SHIVAJI NAGAR', 'PB', 'GT'),
('CUSTA001010', 'Healthy Honest Food Private Limited', 'Amberpet', 'TE', 'GT'),
('CUSTA001011', 'R K WorldInfocom Pvt Ltd (Fresh)', 'Dag No. 414-425 L R, Khatian No. 871, 798', 'WB', 'E-COMMERCE'),
('CUSTA001012', 'Yatinder Nath Sota', 'Sector-61Golf Course Extn.', 'HR', 'OTHER'),
('CUSTA001013', 'PHOENIX', 'NEAR AHUJA SWEETS', 'PB', 'GT'),
('CUSTA001014', 'BYNGE KITCHENS INDIA PRIVATE LIMITED', 'Gautam Budh Nagar', 'UP', 'OTHER'),
('CUSTA001015', 'AbhishekTyagi', 'DLF Center', 'DL', 'OTHER'),
('CUSTA001016', 'S.S. TRADING CO.', 'MANNADY - EAST', 'TN', 'OTHER'),
('CUSTA001017', 'SINGHAL FOODS', '', 'MH', 'ROI'),
('CUSTA001018', 'Mohit', '', 'DL', 'OTHER'),
('CUSTA001019', 'Shubham', '', 'DL', 'OTHER'),
('CUSTA001020', 'M/S RAM NIWAS SURESH KUMAR', '', 'UK', 'GT'),
('CUSTA001021', 'Debtors - Suspense', '', 'DL', 'OTHER'),
('CUSTA001022', 'PH Infratech', '', 'HR', 'E-COMMERCE'),
('CUSTA001023', 'VIJENDER KUMAR GAURAV KUMAR JAIN', 'MEERUT CANTT,', 'UP', 'GT'),
('CUSTA001024', 'M/S ROHAN TRADING CO.', '', 'PB', 'GT'),
('CUSTA001025', 'Shri Chintpurni Traders', '', 'PB', 'GT'),
('CUSTA001026', 'Avtar Trading', '', 'PB', 'GT'),
('CUSTA001027', 'DEJOUR CAFE AND CLUB', 'Sonepat Narela Road, EXPRESS CITY, SECTOR 35, Rathdhana,', 'HR', 'OTHER'),
('CUSTA001028', 'Mrs Lohani', '', 'DL', 'OTHER'),
('CUSTA001029', 'Pradeep Sarin', '', 'HR', 'OTHER'),
('CUSTA001030', 'M/S ANU TRADERS', '', 'PB', 'GT'),
('CUSTA001031', 'SHREE GANESH GENERAL AND KIRANA STORES', 'Indore MP,', 'MP', 'E-COMMERCE'),
('CUSTA001032', 'MAA NAINA TRADING COMPANY', '', 'PB', 'GT'),
('CUSTA001033', 'KISHAN GOPAL & CO.', '', 'PB', 'GT'),
('CUSTA001034', 'M/S SHRI BALA JI TRADING CO. SANGRUR', '', 'PB', 'GT'),
('CUSTA001035', 'Vikas Taneja', 'Bank Pahar Ganj ,Center,', 'DL', 'OTHER'),
('CUSTA001036', 'MITALI FOOD & BEVERAGE', '', 'OR', 'E-COMMERCE'),
('CUSTA001037', 'JAIN CONFECTIONERY', '', 'DL', 'GT'),
('CUSTA001038', 'N. K. Traders', 'North West Delhi', 'DL', 'GT'),
('CUSTA001039', 'SHEMADE GOURMET FOODS PVT LTD', 'VILLAGE-PALGAM, UMBERGAON', 'GJ', 'E-COMMERCE'),
('CUSTA001040', 'SHEMADE GOURMET FOODS PVT LMT', 'PALGAON, VILLAGE-PALGAM', 'GJ', 'E-COMMERCE'),
('CUSTA001041', 'SHEMADE GOURMET FOODS PRIVATE LIMITED', 'PALGAON, VILLAGE-PALGAM,', 'GJ', 'E-COMMERCE'),
('CUSTA001042', 'RANA TRADERS', 'HARIANA ROAD', 'PB', 'GT'),
('CUSTA001043', 'SHEMADEGOURMET FOODS PRIVATE LIMITED', 'PALGAON, VILLAGE-PALGAM,', 'GJ', 'E-COMMERCE'),
('CUSTA001044', 'Jaspal Singh', '', 'DL', 'OTHER'),
('CUSTA001045', 'NOIDA GROCERY BAZAR', 'SECTOR 122, Sector 122, Noida', 'UP', 'GT'),
('CUSTA001046', 'SHRI GIRI RAJ STORE', 'SECTOR-7, ROHINI', 'DL', 'GT'),
('CUSTA001047', 'PATHANIA ENTERPRISES', '', 'HP', 'GT'),
('CUSTA001048', 'Sanjiv Sahu', '', 'DL', 'OTHER'),
('CUSTA001049', 'Swiss Milk Cheese', '', 'GO', 'E-COMMERCE'),
('CUSTA001050', 'Cupcake Adventures', 'North Goa', 'GO', 'E-COMMERCE'),
('CUSTA001051', 'Neeraj Bhuchar', '', 'HR', 'OTHER'),
('CUSTA001052', 'Dharmendra', '', 'DL', 'OTHER'),
('CUSTA001053', 'SOHAN PROVISION STORE', '', 'PB', 'OTHER'),
('CUSTA001054', 'MCCORMICK FOODS INDIA PRIVATE LIMITED', '', 'HR', 'E-COMMERCE'),
('CUSTA001055', 'Amit Khanna', '', 'DL', 'OTHER'),
('CUSTA001056', 'MATA PADMAVATI TRADING CO.', 'Sangrur', 'PB', 'OTHER'),
('CUSTA001058', 'Ranbir Singh Atwal', '', 'PB', 'OTHER'),
('CUSTA001059', 'Anshul Gupta', '', 'DL', 'OTHER'),
('CUSTA001060', 'M/S LAKSHMI TRADING CO.', '', 'DL', 'GT'),
('CUSTA001061', 'M/s SUPER DEPARTMENTAL STORE', '', 'UP', 'GT'),
('CUSTA001063', 'KHURANA TRADING CO SANGRUR', '', 'PB', 'OTHER'),
('CUSTA001064', 'Ajit Arora', 'Raj nagar extension', 'UP', 'OTHER'),
('CUSTA001065', 'OCTAVOS ENTERPRISE SOLUTIONS PRIVATE LIMITED (B2B)', 'NAVRATNA BUILDSPACE LLP, Ambli Bhopal Road', 'GJ', 'E-COMMERCE'),
('CUSTA001066', 'Sandeep Mathur', 'opposite metro pillr No 538 near canara bank', 'DL', 'OTHER'),
('CUSTA001067', 'Sher Singh', 'X/905,Chand Mohalla', 'DL', 'OTHER'),
('CUSTA001068', 'Bharat Foods Co-Operative Ltd.', '', 'GJ', 'OTHER'),
('CUSTA001069', 'PANKAJ TRADING CO', '', 'PB', 'GT'),
('CUSTA001070', 'Chandra Shekhar Verma', 'behind forties hospital', 'UP', 'OTHER'),
('CUSTA001071', 'Anil Saini', 'Near Maddi Sweets', 'DL', 'OTHER'),
('CUSTA001072', 'R K WorldInfocom Pvt. Ltd.(Ecom) (A)', 'LLP Village- Farrukhnagar', 'HR', 'E-COMMERCE'),
('CUSTA001073', 'ABNI ENTERPRISES', 'SCO 135, sector 14,', 'HR', 'GT'),
('CUSTA001074', 'JIVO MART (RK)', '', 'DL', 'E-COMMERCE'),
('CUSTA001075', 'Gandhi Smriti and Darshan Samiti', '93-94 3rd Floor Pocket 7 Sector 24', 'DL', 'OTHER'),
('CUSTA001076', 'FOOD FIESTA', 'Central Delhi', 'DL', 'GT'),
('CUSTA001077', 'NEW YORK CHICKEN', 'Kulathur', 'KE', 'E-COMMERCE'),
('CUSTA001078', 'Himanshu', '', 'HR', 'OTHER'),
('CUSTA001079', 'Mukul Kapoor', 'Techzone 4 opposite', 'UP', 'OTHER'),
('CUSTA001080', 'Goyal Manoj', 'Jaypee Klassic', 'UP', 'OTHER'),
('CUSTA001081', 'Icchamani Foods', 'Dahava Mile', 'MH', 'E-COMMERCE'),
('CUSTA001082', 'Shubham Traders', '', 'PB', 'GT'),
('CUSTA001083', 'TITBITS SHAWARMA AND GRILL', 'behind Unity Health Complex, near Al Ehsan Masjid,', 'KT', 'E-COMMERCE'),
('CUSTA001084', 'RAJINDRA TRADING COMPANY', 'Uttarakhand', 'UK', 'GT'),
('CUSTA001085', 'HINDUSTAN SUPERMARKET', '', 'UP', 'E-COMMERCE'),
('CUSTA001086', 'Sumit', '', 'DL', 'OTHER'),
('CUSTA001087', 'Amazon_new', '', 'DL', 'E-COMMERCE'),
('CUSTA001088', 'Bharat Organics & Dairy Products', 'Rai', 'HR', 'GT'),
('CUSTA001089', 'Shree Radha Madhav Enterprises', '', 'UP', 'GT'),
('CUSTA001090', 'M A G & CO', '', 'UP', 'GT'),
('CUSTA001091', 'SHRI RAM TRADERS', '', 'DL', 'GT'),
('CUSTA001092', 'Ganpati Traders', '', 'HR', 'OTHER'),
('CUSTA001093', 'National Tin Industries', '', 'PB', 'GT'),
('CUSTA001094', 'Punjab Trading Co.', 'KOHARA ROAD', 'PB', 'GT'),
('CUSTA001095', 'Ashok Kumar', 'Peer wali Gali', 'HR', 'GT'),
('CUSTA001096', 'Zestri Foods Private Limited', '', 'GJ', 'E-COMMERCE'),
('CUSTA001097', 'Neeraj Bhuchar', '', 'DL', 'OTHER'),
('CUSTA001098', 'Ravinder', '', 'DL', 'OTHER'),
('CUSTA001099', 'Mohan Dawar', '', 'DL', 'OTHER'),
('CUSTA001100', 'Dharam veer Store (UPL)', '', 'DL', 'GT'),
('CUSTA001101', 'BSM Retail', '', 'UP', 'GT'),
('CUSTA001102', 'BJR ENTERPRISES', '', 'UP', 'GT'),
('CUSTA001103', 'Mohd. Nazir', '', 'HR', 'OTHER'),
('CUSTA001104', 'Vincitore Solutions & Equipment LLP', 'Dist-Pune', 'MH', 'OTHER'),
('CUSTA001105', 'Rajan Kaushal', '', 'DL', 'OTHER'),
('CUSTA001106', 'Ananta\'s Food Solutions', 'Gandhi Nagar, Bandra East Mumbai', 'MH', 'E-COMMERCE'),
('CUSTBSU0001', 'INFINITE SOLUTIONS', '', 'DL', 'OTHER'),
('CUSTBSU0002', 'Advances from Customers - HR', '', 'HR', 'OTHER'),
('CUSTBSU0003', 'Advances from Customers - PB', '', 'PB', 'OTHER'),
('CUSTBSU0004', 'Advances from Customers - UP', '', 'UP', 'OTHER'),
('ORG00000001', 'Shyam Bihari - J-3', '', 'DL', 'Other'),
('ORG00000002', 'Jaspreet Singh(Bunty)', '', 'HR', 'Other'),
('ORG00000004', 'Karanpreet Singh', '', 'DL', 'Other'),
('ORG00000005', 'Ziyaul Haque', '', 'DL', 'Other'),
('ORG00000006', 'Kanika Vinayak', '', 'DL', 'Other'),
('ORG00000007', 'Sonu Veerji', '', 'DL', 'Other'),
('ORG00000008', 'Harkirat Singh', '', 'PB', 'Other'),
('ORG00000010', 'Ashish Account', '', 'DL', 'Other'),
('ORG00000011', 'Bahadur Uncle', '', 'DL', 'Other'),
('ORG00000012', 'Balvinder Kaur', '', 'DL', 'Other'),
('ORG00000013', 'Dilpreet Veerji VP', '', 'DL', 'Other'),
('ORG00000014', 'Gagandeep Singh', '', 'DL', 'Other'),
('ORG00000016', 'Inderpal Singh', '', 'DL', ''),
('ORG00000017', 'Jagjeet Singh SO GT DL', '', 'DL', 'Other'),
('ORG00000018', 'Jasbir Singh Raju Sales', '', 'DL', 'Other'),
('ORG00000022', 'Ranjeet Singh Store', '', 'PB', 'Other'),
('ORG00000024', 'Nirmal Didi', '', 'DL', 'Other'),
('ORG00000025', 'R.C Aggarwal Ji', '', 'DL', 'Other'),
('ORG00000026', 'Manjeet Singh Shunty', '', 'DL', 'Other'),
('ORG00000029', 'Tanjeet Singh Sales', '', 'DL', 'Other'),
('ORG00000030', 'Avtar Singh Rupal', '', 'DL', 'OTHER'),
('ORG00000031', 'Amandeep Singh (Gurgaon)', '', 'HR', 'OTHER'),
('ORG00000032', 'Vandana Atal Promotoer Jaipur', 'Bharat Nagar', 'RJ', 'OTHER'),
('ORG00000033', 'Ravi B Promoter MT Bangalore', '5th Cross Manjunatha Nagara', 'KE', 'OTHER'),
('ORG00000034', 'Gurvinderjeet Singh IT', '', 'DL', 'OTHER'),
('ORG00000035', 'Staff Sale', '', 'DL', 'OTHER'),
('ORG00000036', 'Gurvinder Singh Driver', '', 'DL', 'OTHER'),
('ORG00000037', 'Ranjeet Singh Driver', '', 'DL', 'OTHER'),
('ORG00000038', 'Partap Singh Driver', '', 'DL', 'OTHER'),
('ORG00000039', 'Begari Srikanth SO MT AP', '', 'AP', 'OTHER'),
('ORG00000040', 'Mahesh Kumar SO GT PB', '', 'PB', 'OTHER'),
('ORG00000041', 'Pankaj Singla SO GT PB', '', 'PB', 'OTHER'),
('ORG00000042', 'Rijakpal Singh SO GT PB', '', 'PB', 'OTHER'),
('ORG00000043', 'Sandeep Duggal SO GT PB', '', 'PB', 'OTHER'),
('ORG00000044', 'Prince Kumar ASM MT MH - Impresr', '', 'MH', 'OTHER'),
('ORG00000045', 'Khusboo Patel SO MT GJ', '', 'GJ', 'OTHER'),
('ORG00000046', 'Sahil Arora SO GT GJ', '', 'GJ', 'OTHER'),
('ORG00000047', 'Randeep Singh Bedi ASM GT PB', '', 'PB', 'OTHER'),
('ORG00000048', 'Harpreet Singh Happy ASM GT GJ', '', 'GJ', 'OTHER'),
('ORG00000049', 'Harjit Singh Arora ASM GT HR', '', 'HR', 'OTHER'),
('ORG00000050', 'Inderpreet Singh SO MT PB', '', 'PB', 'OTHER'),
('ORG00000051', 'Surajit Sarkar SO GT WB', '', 'WB', 'OTHER'),
('ORG00000052', 'Maninder Singh', '', 'DL', 'OTHER'),
('ORG00000053', 'Vikas Gulati SO GT PB', '', 'PB', 'OTHER'),
('ORG00000054', 'Shivanand Pandey Factory Packaging', '', 'HR', 'OTHER'),
('ORG00000055', 'Parminder Singh Supervisor Bakharpur', '', 'HR', 'OTHER'),
('ORG00000056', 'Tejpal Singh ASM GT PB', '', 'PB', 'OTHER'),
('ORG00000057', 'Anoop Singh ASM GT PB', '', 'PB', 'OTHER'),
('ORG00000058', 'Raminder Singh ASM GT PB', '', 'PB', 'OTHER'),
('ORG00000059', 'Gurpreet Singh Winkal ZSM GT', '', 'DL', 'OTHER'),
('ORG00000060', 'Naveen Kashyap SO GT HR', '', 'HR', 'OTHER'),
('ORG00000061', 'Santosh Kumar SO MT DL', '', 'DL', 'OTHER'),
('ORG00000062', 'Vishwajit Kunti SO MT WB', '', 'WB', 'OTHER'),
('ORG00000063', 'Arun Kumar SO GT HR', '', 'HR', 'OTHER'),
('ORG00000064', 'Kiran Udhaniya SO GT RJ', '', 'RJ', 'OTHER'),
('ORG00000065', 'Pawan Kumar SO MT PB', '', 'PB', 'OTHER'),
('ORG00000066', 'Harvinder Singh SO MT UK', '', 'UK', 'OTHER'),
('ORG00000067', 'Navneet Singh ASM GT DL Advance', '', 'DL', 'OTHER'),
('ORG00000068', 'Naveen Kumar IT', '', 'DL', 'OTHER'),
('ORG00000069', 'Surjit Singh Electrician', '', 'DL', 'OTHER'),
('ORG00000070', 'Dilip Kumar', '', 'DL', 'OTHER'),
('ORG00000071', 'Jasbir Singh SO GT PB', '', 'PB', 'OTHER'),
('ORG00000072', 'Saba Mustak Chaudhary SO MT MH', '', 'MH', 'OTHER'),
('ORG00000073', 'Raju Shivaji SO MT MH', '', 'MH', 'OTHER'),
('ORG00000074', 'Pinky SO MT MH', '', 'MH', 'OTHER'),
('ORG00000075', 'Ram Haldar SO GT WB', '', 'WB', 'OTHER'),
('ORG00000076', 'Soumendu Dey SO GT WB', '', 'WB', 'OTHER'),
('ORG00000077', 'Tarun Poddar', '', 'WB', 'OTHER'),
('ORG00000078', 'Ankita Kaur Sempla', '', 'DL', 'OTHER'),
('ORG00000079', 'Arvinder Singh', '', 'DL', 'OTHER'),
('ORG00000080', 'Dhanveer Promotoer MT MP', '', 'MP', 'OTHER'),
('ORG00000081', 'Aarti Promotor GT DL', 'Sec 1', 'DL', 'OTHER'),
('ORG00000082', 'Ravinder Singh Shunty', '', 'DL', 'OTHER'),
('ORG00000083', 'Jatinderpal Singh Web', '', 'DL', 'OTHER'),
('ORG00000084', 'Hardeep Singh Soni Factory', '', 'HR', 'OTHER'),
('ORG00000085', 'NUPUR SHARMA PR DL', '', 'DL', 'OTHER'),
('ORG00000086', 'Kulbeer Singh Factory', '', 'HR', 'OTHER'),
('ORG00000087', 'Sarwan Chawla Pantry', '', 'DL', 'OTHER'),
('ORG00000088', 'Sachin Kumar Suri', '', 'DL', 'OTHER'),
('ORG00000089', 'Rakhi Yadav BDM HO', '', 'DL', 'OTHER'),
('ORG00000090', 'Bhupinder Singh (Ginni)', '', 'PB', 'OTHER'),
('ORG00000091', 'Kamal Mour', '', 'DL', 'OTHER'),
('ORG00000092', 'Parmod Ji (Factory)', '', 'HR', 'OTHER'),
('ORG00000093', 'Hardeep Singh Factory WG (Operator)', '', 'HR', 'OTHER'),
('ORG00000094', 'Simran Nagi J-3', '', 'DL', 'OTHER'),
('ORG00000095', 'Debasish Das', '', 'DL', 'OTHER'),
('ORG00000096', 'Preshit Thakur AcctEx HO', '', 'DL', 'OTHER'),
('ORG00000097', 'Sonu Sharma Factory', '', 'HR', 'OTHER'),
('ORG00000098', 'Hardeep Singh Labour Factory(CHEEMA)', '', 'HR', 'OTHER'),
('ORG00000099', 'Bhupender Singh Bhakharpur', '', 'HR', 'OTHER'),
('ORG00000100', 'Harpender Singh Factory', '', 'HR', 'OTHER'),
('ORG00000101', 'Ranjeet Singh Machine Operator WG', '', 'HR', 'OTHER'),
('ORG00000102', 'Jyoti (Labour)', '', 'HR', ''),
('ORG00000103', 'Naveen IT', '', 'DL', 'OTHER'),
('ORG00000104', 'Amandeep Singh - CHD', '', 'CH', 'OTHER'),
('ORG00000105', 'Vijay Chaudhary-Pantry', '', 'DL', ''),
('ORG00000106', 'Ravinder Singh Vicky', '', 'HR', 'OTHER'),
('ORG00000107', 'Balpreet Singh CA', '', 'UP', 'OTHER'),
('ORG00000108', 'Gurpal Factory', '', 'PB', 'OTHER'),
('ORG00000109', 'Sunny Singh SO DL', '', 'HR', 'OTHER'),
('ORG00000110', 'Baljeet Singh ASM GT DL', '', 'DL', 'OTHER'),
('ORG00000111', 'Kunal Accounts Taxation', '', 'DL', 'OTHER'),
('ORG00000112', 'Navjot Gill MIS HO', '', 'HR', 'OTHER'),
('ORG00000113', 'Arshdeep Singh SO-GT-DL-Advance', '', 'DL', 'OTHER'),
('ORG00000114', 'GAGAN SHARMA E-COM', '', 'DL', 'OTHER'),
('ORG00000115', 'Kamaldeep-ASM-DL', '', 'DL', 'OTHER'),
('ORG00000116', 'BHAVYA', '', 'DL', 'OTHER'),
('ORG00000117', 'Nita Ecom', '', 'DL', 'OTHER'),
('ORG00000118', 'Jitendra Singh MIS EXC.', '', 'DL', 'OTHER'),
('ORG00000119', 'Amandeep Singh - CHD', '', 'CH', 'OTHER'),
('ORG00000120', 'Ishwendra Accounts', '', 'DL', 'OTHER'),
('ORG00000121', 'Madhu-Accounts', '', 'DL', 'OTHER'),
('ORG00000122', 'Kamaljeet Singh - Accounts', '', 'DL', 'OTHER'),
('ORG00000123', 'Amit Kumar Pandey CSD Head', '', 'UK', 'OTHER'),
('ORG00000124', 'Ena Pathak HR', '', 'DL', 'OTHER'),
('ORG00000125', 'Vishal Pipat RSM', '', 'PB', 'OTHER'),
('ORG00000126', 'Raj Kumar Tiwari Factory', '', 'DL', 'OTHER'),
('ORG00000127', 'ABHISHEK  ECOM - IMPREST', 'WARD NO. 13', 'DL', 'OTHER'),
('ORG00000128', 'Vishal Tyagi BKHPR- Customer', 'Shahpur Taga', 'HR', 'OTHER'),
('ORG00000129', 'Prashant CA', '', 'DL', 'OTHER'),
('ORG00000130', 'Sarabjeet Singh', '', 'DL', 'OTHER'),
('ORG00000131', 'Gurpreet Singh Driver', '', 'PB', 'OTHER'),
('ORG00000132', 'Charanjeet Singh Store', '', 'DL', 'OTHER'),
('ORG00000133', 'Shyam Kumar (Driver)', '', 'DL', 'OTHER'),
('ORG00000134', 'HARPREET CHD', '', 'CH', 'OTHER'),
('ORG00000135', 'Deepak Kumar Accounts Imprest', '', 'DL', 'OTHER'),
('ORG00000136', 'Kanika khurana-HR-', '', 'DL', 'OTHER'),
('ORG00000137', 'Sushil Singh (IT)', '', 'DL', 'OTHER'),
('ORG00000138', 'SANTOSH JHA-ECOM-WAREHOUSE', '', 'HR', 'Other'),
('ORG00000139', 'JASMEET SINGH-BHAKHARPUR', '', 'HR', 'OTHER'),
('ORG00000140', 'Ravinder Singh Ary', '', 'DL', 'OTHER'),
('ORG00000141', 'Mona Keswani', '', 'DL', 'OTHER'),
('ORG00000142', 'Ravinder Singh Chaddha', '', 'DL', 'OTHER');

DROP TABLE IF EXISTS tbl_products;
CREATE TABLE tbl_products (
  id int(100) NOT NULL,
  name varchar(100) NOT NULL,
  Pcs decimal(65,0) NOT NULL,
  TAX int(50) NOT NULL,
  Variety varchar(100) DEFAULT NULL,
  deleted varchar(100) NOT NULL,
  date timestamp(6) NOT NULL DEFAULT current_timestamp(6) ON UPDATE current_timestamp(6)
) ENGINE=InnoDB DEFAULT CHARSET=utf8mb4 COLLATE=utf8mb4_general_ci;

TRUNCATE TABLE tbl_products;
INSERT INTO tbl_products (id, name, Pcs, TAX, Variety, deleted, date) VALUES
(1, 'Pet Bottle 250 ML Cola 24 PCS', 24, 12, 'Cola', 'N', '2024-01-03 06:52:58.927585'),
(2, 'Cold Press 1 Ltr +1 Ltr Combo 8 Sets', 8, 5, 'Cold Press', 'N', '2024-01-03 06:52:58.931753'),
(3, 'Cold Press 1 Ltr 16 Pcs', 16, 5, 'Cold Press', 'N', '2024-01-03 06:52:58.935595'),
(4, 'Cold Press 1 Ltr 2 Pcs', 2, 5, 'Cold Press', 'N', '2024-01-03 06:52:58.939309'),
(5, 'Cold Press 15 Ltr', 1, 5, 'Cold Press', 'N', '2024-01-03 06:52:58.942843'),
(6, 'Cold Press 2 Ltr 8 Pcs', 8, 5, 'Cold Press', 'N', '2024-01-03 06:52:58.946426'),
(7, 'Cold Press 5 Ltr + 1 Ltr Cold Press 4 Pcs', 4, 5, 'Cold Press', 'N', '2024-01-03 06:52:58.950153'),
(8, 'Cold Press 5 Ltr + 1 Ltr Canola+Coupon 4 Pcs', 4, 5, 'Cold Press', 'N', '2024-01-03 06:52:58.953769'),
(9, 'Cold Press 5 Ltr + 1 Ltr Extra Light Olive 4 Pcs', 4, 5, 'Cold Press', 'N', '2024-01-03 06:52:58.956941'),
(10, 'Cold Press 5 Ltr 4 Pcs', 4, 5, 'Cold Press', 'N', '2024-01-03 06:52:58.959675'),
(11, 'Extra Light 1 Ltr 12 Pcs', 12, 5, 'Extra Light', 'N', '2024-01-03 06:52:58.962077'),
(12, 'Extra Light 1 Ltr 16 Pcs', 16, 5, 'Extra Light', 'N', '2024-01-03 06:52:58.964737'),
(13, 'Extra Light 5 Ltr + 1 Ltr + Kettle 4 Pcs', 4, 5, 'Extra Light', 'N', '2024-01-03 06:52:58.967227'),
(14, 'Pomace Olive 200 Ltr 1 Pcs', 1, 5, 'Extra Light', 'N', '2024-01-03 06:52:58.969396'),
(15, 'Pomace Olive 5 Ltr + Kettle', 4, 5, 'Pomace', 'N', '2024-01-03 06:52:58.971480'),
(16, 'Extra Light 5 Ltr 1 Pcs', 1, 5, 'Extra Light', 'N', '2024-01-03 06:52:58.972845'),
(17, 'Pomace Olive Oil 5 Ltr Tin 4 Pcs', 4, 5, 'Pomace', 'N', '2024-01-03 06:52:58.974461'),
(18, 'Extra Light 5 Ltr Tin 4 Pcs', 4, 5, 'Extra Light', 'N', '2024-01-03 06:52:58.975845'),
(19, 'Pet Bottle 250 ML Ginger Ale Sugar Free 24 PCS', 24, 12, 'Ginger Ale SF', 'N', '2024-01-03 06:52:58.977174'),
(20, 'Capsules Wheatgrass 60 Units', 24, 5, 'Immunity Booster', 'N', '2024-01-03 06:52:58.978631'),
(21, 'Mustard Kacchi Ghani 1 Ltr 16 Pcs', 16, 5, 'Mustard Kacchi Ghani', 'N', '2024-01-03 06:52:58.980484'),
(22, 'Mustard Kacchi Ghani 2 Ltr 8 Pcs', 8, 5, 'Mustard Kacchi Ghani', 'N', '2024-01-03 06:52:58.982205'),
(23, 'Mustard Kacchi Ghani 5 Ltr 4 Pcs', 4, 5, 'Mustard Kacchi Ghani', 'N', '2024-01-03 06:52:58.983621'),
(24, 'Mustard Pakki Ghani 1 Ltr 16 Pcs', 16, 5, 'Mustard Pakki Ghani', 'N', '2024-01-03 06:52:58.984858'),
(25, 'Mustard Pakki Ghani 2 Ltr 8 Pcs', 8, 5, 'Mustard Pakki Ghani', 'N', '2024-01-03 06:52:58.986343'),
(26, 'Mustard Pakki Ghani 5 Ltr 4 Pcs', 4, 5, 'Mustard Pakki Ghani', 'N', '2024-01-03 06:52:58.987702'),
(27, 'Refined 1 Ltr +1 Ltr Combo 8 Sets', 8, 5, 'Refined', 'N', '2024-01-03 06:52:58.989061'),
(28, 'Cold Press 2 Ltr +2 Ltr Combo 5 Sets', 5, 5, 'Cold Press', 'N', '2024-01-03 06:52:58.990435'),
(29, 'Refined 1 Ltr 12 Pcs', 12, 5, 'Refined', 'N', '2024-01-03 06:52:58.991715'),
(30, 'Refined 1 Ltr 16 Pcs', 16, 5, 'Refined', 'N', '2024-01-03 06:52:58.992980'),
(31, 'Refined Oil 1000 ML CSD', 1, 5, 'Refined', 'N', '2024-01-03 06:52:58.994261'),
(32, 'Refined 1 Ltr 6 Pcs', 6, 5, 'Refined', 'N', '2024-01-03 06:52:58.995585'),
(33, 'Miniature Olive 100 ML 24 Pcs', 24, 5, 'Miniature', 'N', '2024-01-03 06:52:58.997325'),
(34, 'Refined 15 Ltr', 1, 5, 'Refined', 'N', '2024-01-03 06:52:58.998874'),
(35, 'Refined 2 Ltr +2 Ltr Combo 4 Sets', 4, 5, 'Refined', 'N', '2024-01-03 06:52:59.000281'),
(36, 'Refined Oil 2 Ltr', 1, 5, 'Refined', 'N', '2024-01-03 06:52:59.001713'),
(37, 'Refined 2 Ltr 4 Pcs CSD', 1, 5, 'Refined', 'N', '2024-01-03 06:52:59.003020'),
(38, 'Refined 2 Ltr 8 Pcs', 8, 5, 'Refined', 'N', '2024-01-03 06:52:59.004238'),
(39, 'Refined 20 ml', 1, 5, 'Refined', 'N', '2024-01-03 06:52:59.005485'),
(40, 'Refined 200 Ltr 1 Pcs', 1, 5, 'Refined', 'N', '2024-01-03 06:52:59.006730'),
(41, 'Refined 200 ml', 60, 5, 'Refined', 'N', '2024-01-03 06:52:59.007963'),
(42, 'Cold Press 5 Ltr + 1 Ltr Cold Press 3 Pcs ( Shrinked )', 3, 5, 'Cold Press', 'N', '2024-01-03 06:52:59.009353'),
(43, 'Refined 5 Ltr + 2 Ltr 4 Pcs', 4, 5, 'Refined', 'N', '2024-01-03 06:52:59.010696'),
(44, 'Refined 5 Ltr(PET) 1 Pc', 1, 5, 'Refined', 'N', '2024-01-03 06:52:59.011997'),
(45, 'Refined 5 Ltr 4 Pcs', 4, 5, 'Refined', 'N', '2024-01-03 06:52:59.013874'),
(46, 'Refined Oil 5 Ltr', 1, 5, 'Refined', 'N', '2024-01-03 06:52:59.015612'),
(47, 'Refined 1 Ltr Pouch 12 Pcs', 12, 5, 'Refined', 'N', '2024-01-03 06:52:59.017537'),
(48, 'Cold Press 2 Ltr 10 pcs', 10, 5, 'Cold Press', 'N', '2024-01-03 06:52:59.019133'),
(49, 'Cold Press 5 Ltr + 1 Ltr Extra Light Olive 3 Pcs ( Shrinked )', 3, 5, 'Cold Press', 'N', '2024-01-03 06:52:59.020389'),
(50, 'Cold Press 5 Ltr + 2 Canola 4 Pcs', 4, 5, 'Cold Press', 'N', '2024-01-03 06:52:59.021627'),
(51, 'Cold Press 1 Ltr 24 Pcs', 24, 5, 'Cold Press', 'N', '2024-01-03 06:52:59.022835'),
(52, 'Cold Press 2 Ltr + 2 Ltr Combo 4 Sets', 4, 5, 'Cold Press', 'N', '2024-01-03 06:52:59.024065'),
(53, 'Cold Press 5 Ltr + 1 Canola ( Shrinked ) 1 Pcs', 1, 5, 'Cold Press', 'N', '2024-01-03 06:52:59.025306'),
(54, 'Refined 1 Ltr 20 Pcs', 20, 5, 'Refined', 'N', '2024-01-03 06:52:59.026538'),
(55, 'Refined 1 Ltr 2 Pcs', 2, 5, 'Refined', 'N', '2024-01-03 06:52:59.027912'),
(56, 'Refined 5 Ltr + 1 Ltr 4 Pcs', 4, 5, 'Refined', 'N', '2024-01-03 06:52:59.029212'),
(57, 'Refined 5 Ltr + 3 Ltr 4 Pcs', 4, 5, 'Refined', 'N', '2024-01-03 06:52:59.031111'),
(58, 'Mustard Kacchi Ghani 15 Ltr', 1, 5, 'Mustard Kacchi Ghani', 'N', '2024-01-03 06:52:59.032786'),
(59, 'Cold Press 5 Ltr + Kettle', 4, 5, 'Cold Press', 'N', '2024-01-03 06:52:59.034303'),
(60, 'Pet Bottle 250 ML Ginger Ale 24 PCS', 24, 12, 'Ginger Ale', 'N', '2024-01-03 06:52:59.035752'),
(61, 'Desi Ghee 500 ML 12 Pcs', 12, 12, 'Desi Ghee', 'N', '2024-01-03 06:52:59.036918'),
(62, 'Pomace Olive 5 Ltr 1 Pcs', 1, 5, 'Pomace', 'N', '2024-01-03 06:52:59.038265'),
(63, 'Cold Press Edible Oil 2+2 Ltr (5 Sets) + Kettle', 5, 5, 'Cold Press', 'N', '2024-01-03 06:52:59.039453'),
(64, 'Extra Light 1 Ltr 2 Pcs', 2, 5, 'Extra Light', 'N', '2024-01-03 06:52:59.040652'),
(65, 'Pomace Olive 1 Ltr 16 Pcs', 16, 5, 'Pomace', 'N', '2024-01-03 06:52:59.041960'),
(66, 'Mustard Pakki Ghani 15 Ltr', 1, 5, 'Mustard Pakki Ghani', 'N', '2024-01-03 06:52:59.043090'),
(67, 'Pet Bottle 250 ML Cola UF 24 PCS', 24, 12, 'Cola', 'N', '2024-01-03 06:52:59.044249'),
(68, 'Pet Bottle 250 ML Ginger Ale Sugar Free UF 24 PCS', 24, 12, 'Ginger Ale SF', 'N', '2024-01-03 06:52:59.045390'),
(69, 'Pet Bottle 250 ML Ginger Ale UF 2 PCS', 24, 12, 'Ginger Ale', 'N', '2024-01-03 06:52:59.046816'),
(70, 'Mustard Pakki Ghani 2 Ltr 10 Pcs', 10, 5, 'Mustard Pakki Ghani', 'N', '2024-01-03 06:52:59.049185'),
(71, 'Mustard Kacchi Ghani 1 Ltr 20 Pcs', 20, 5, 'Mustard Kacchi Ghani', 'N', '2024-01-03 06:52:59.050990'),
(72, 'Mustard Pakki Ghani 1 Ltr 20 Pcs', 20, 5, 'Mustard Pakki Ghani', 'N', '2024-01-03 06:52:59.052360'),
(73, 'Cold Press 1 Ltr 20 Pcs', 20, 5, 'Cold Press', 'N', '2024-01-03 06:52:59.053555'),
(74, 'Cold Press 1 Ltr +1 Ltr Combo 10 Sets', 10, 5, 'Cold Press', 'N', '2024-01-03 06:52:59.054752'),
(75, 'Cold Press 5 Ltr + 1 Ltr with 500 ML Desi Ghee 3 Pcs', 3, 5, 'Cold Press', 'N', '2024-01-03 06:52:59.056157'),
(76, 'Refined 3 Ltr 1 Pcs', 1, 5, 'Cold Press', 'N', '2024-01-03 06:52:59.057575'),
(77, 'Miniature Olive 100 ML 1 Pc', 24, 5, 'Miniature', 'N', '2024-01-03 06:52:59.059266'),
(78, 'Glass Bottle 330 ML Ginger Ale 17 PCS', 17, 12, 'Ginger Ale', 'N', '2024-01-03 06:52:59.060984'),
(79, 'Pet Bottle 300 ML Ginger Ale 24 PCS', 24, 12, 'Ginger Ale', 'N', '2024-01-03 06:52:59.062701'),
(80, 'Cold Press 1 Ltr +1 Ltr Combo With Miniature 10 Sets', 10, 5, 'Cold Press', 'N', '2024-01-03 06:52:59.065083'),
(81, 'Extra Light 200 Ltr 1 Pcs', 1, 5, 'Extra Light', 'N', '2024-01-03 06:52:59.066744'),
(82, 'Cold Press 5 Ltr + 1 Ltr + Nivea Soft  + 1 Olive Miniature', 4, 5, 'Cold Press', 'N', '2024-01-03 06:52:59.068591'),
(83, 'Extra Light 1 Ltr 2 Pcs + 1 Miniature( Set of 2 Ltr)', 1, 5, 'Extra Light', 'N', '2024-01-03 06:52:59.070003'),
(84, 'Cold Press 500 ML 24 Pcs', 24, 5, 'Cold Press', 'N', '2024-01-03 06:52:59.071295'),
(85, 'Extra Light 5 Ltr + Kettle', 1, 5, 'Extra Light', 'N', '2024-01-03 06:52:59.073544'),
(86, 'Desi Ghee A2 Cow 750 ML 12 Pcs', 12, 12, 'Desi Ghee A2', 'N', '2024-01-03 06:52:59.074895'),
(87, 'Extra Light 1 Ltr +1 Ltr Combo 1 Set', 1, 5, 'Extra Light', 'N', '2024-01-03 06:52:59.076308'),
(88, 'Cold Press 1 Ltr +1 Ltr Combo 1 Set', 1, 5, 'Cold Press', 'N', '2024-01-03 06:52:59.077724'),
(89, 'Cold Press 1 Ltr +1 Ltr Combo 10 Sets With Nivea Cream', 10, 5, 'Cold Press', 'N', '2024-01-03 06:52:59.079020'),
(90, 'Pomace Olive 200 ML', 1, 5, 'Pomace', 'N', '2024-01-03 06:52:59.080703'),
(91, 'Glass Bottle 275 ML Ginger Ale 6 PCS', 6, 12, 'Ginger Ale', 'N', '2024-01-03 06:52:59.082292'),
(92, 'Glass Bottle 275 ML Ginger Ale Sugar Free 6 PCS', 6, 12, 'Ginger Ale SF', 'N', '2024-01-03 06:52:59.083969'),
(93, 'Wheat Grass Powder Pouch 20 GM', 1, 5, 'Immunity Booster', 'N', '2024-01-03 06:52:59.085235'),
(94, 'Wheat Grass Juice Powder Jar 150 GM', 1, 5, 'Immunity Booster', 'N', '2024-01-03 06:52:59.086393'),
(95, 'Cold Press 5 Ltr+ 750 ML Free 4 Pcs', 4, 5, 'Cold Press', 'N', '2024-01-03 06:52:59.087527'),
(96, 'Pet Bottle 250 ML Cola 6 PCS', 1, 12, 'Cola', 'N', '2024-01-12 11:40:38.805907'),
(97, 'Cold Press 750 ML 20 Pcs', 20, 5, 'Cold Press', 'N', '2024-01-03 06:52:59.090513'),
(98, 'Mustard Kacchi Ghani 2 Ltr 10 Pcs', 10, 5, 'Mustard Kacchi Ghani', 'N', '2024-01-03 06:52:59.092181'),
(99, 'Pomace Olive 500 ML 12 Pcs', 12, 5, 'Pomace', 'N', '2024-01-03 06:52:59.093622'),
(100, 'Extra Lite 500 ML 24 Pcs', 24, 5, 'Extra Light', 'N', '2024-01-03 06:52:59.095000'),
(101, 'Mustard Kacchi Ghani 5 Ltr Tin 4 Pcs', 4, 5, 'Mustard Kacchi Ghani', 'N', '2024-01-03 06:52:59.096571'),
(102, 'Soya Chikka 100 GM', 84, 12, 'Soya', 'N', '2024-01-03 06:52:59.098684'),
(103, 'Soya Veg Meat 200 GM', 36, 12, 'Soya', 'N', '2024-01-03 06:52:59.100273'),
(104, 'Soya Seekh Kabab 280 GM', 36, 12, 'Soya', 'N', '2024-01-03 06:52:59.101803'),
(105, 'Soya Nugget 200 GM', 48, 12, 'Soya', 'N', '2024-01-03 06:52:59.103219'),
(106, 'Soya Chop 200 GM', 50, 12, 'Soya', 'N', '2024-01-03 06:52:59.104524'),
(107, 'Shawarma 200 GM', 36, 12, '', 'N', '2024-01-03 06:52:59.105860'),
(108, 'Soya Chop Stick 45 GM', 125, 12, 'Soya', 'N', '2024-01-03 06:52:59.107201'),
(109, 'Soya Mutton Tikka 150 GM', 70, 12, 'Soya', 'N', '2024-01-03 06:52:59.108500'),
(110, 'Soya Chicken Tikka 150 GM', 70, 12, 'Soya', 'N', '2024-01-03 06:52:59.109883'),
(111, 'Mustard Kacchi Ghani 200 ML', 75, 5, 'Mustard Kacchi Ghani', 'N', '2024-01-03 06:52:59.111354'),
(112, 'Kacchi Ghani 500 ML', 24, 5, 'Mustard Kacchi Ghani', 'N', '2024-01-03 06:52:59.112806'),
(113, 'Cold Press 5 Ltr + 1 Ltr Canola + 6 Bottle 250 ML WG 4 Pcs', 4, 5, 'Cold Press', 'N', '2024-01-03 06:52:59.114182'),
(114, 'Extra Light 1 Ltr + 1 Ltr Combo 8 Sets ( Plain )', 8, 5, 'Extra Light', 'N', '2024-01-03 06:52:59.115403'),
(115, 'Cold Press 5 Ltr 4 Pcs + 500 ML Senitizer', 4, 5, 'Cold Press', 'N', '2024-01-03 06:52:59.116791'),
(116, 'Glass Bottle 275 ML Ginger Ale 12 PCS', 12, 12, 'Ginger Ale', 'N', '2024-01-03 06:52:59.118220'),
(117, 'Glass Bottle 275 ML Ginger Ale Sugar Free 12 PCS', 12, 12, 'Ginger Ale SF', 'N', '2024-01-03 06:52:59.119550'),
(118, 'Extra Virgin 500 ml 12 Pcs Glass Botle', 12, 5, 'Extra Virgin', 'N', '2024-01-03 06:52:59.120860'),
(119, 'Extra Virgin 200 Ltr 1 Pcs', 1, 5, 'Extra Virgin', 'N', '2024-01-03 06:52:59.122100'),
(120, 'Extra Virgin 1 Ltr 16 Pcs', 16, 5, 'Extra Virgin', 'N', '2024-01-03 06:52:59.123303'),
(121, 'Cold Press 1 Ltr +1 Ltr Combo + 500 ML CP', 10, 5, 'Cold Press', 'N', '2024-01-03 06:52:59.124530'),
(122, 'Extra Virgin 15 Ltr', 1, 5, 'Extra Virgin', 'N', '2024-01-03 06:52:59.125754'),
(123, 'Capsules Immunity Booster 60 Units', 24, 5, 'Immunity Booster', 'N', '2024-01-03 06:52:59.126983'),
(124, 'Capsules Immunity Booster 5 Units', 1, 5, 'Immunity Booster', 'N', '2024-01-03 06:52:59.128091'),
(125, 'Cold Press 5 Ltr + 1 Liter 4 Pcs + 3 Pcs WG', 4, 5, 'Cold Press', 'N', '2024-01-03 06:52:59.129283'),
(126, 'Cold Press 3 Ltr  6 Pcs', 6, 5, 'Cold Press', 'N', '2024-01-03 06:52:59.130483'),
(127, 'Extra Light Canola Oil 1 Ltr 10 Pcs', 10, 5, 'Extra Light', 'N', '2024-01-03 06:52:59.132021'),
(128, 'Cold Press 5 Ltr + 1 Ltr Canola + Facewash', 4, 5, 'Cold Press', 'N', '2024-01-03 06:52:59.133466'),
(129, 'Cold Press 1 Ltr 20 Pcs (XXVI)', 20, 5, 'Cold Press', 'N', '2024-01-03 06:52:59.134684'),
(130, 'Cold Press 5 Ltr + Casserole', 4, 5, 'Cold Press', 'N', '2024-01-03 06:52:59.135856'),
(131, 'Glass Bottle 200 ML Ginger Ale 24 PCS', 24, 12, 'Ginger Ale', 'N', '2024-01-03 06:52:59.137034'),
(132, 'Pomace Tin 15 Ltr', 1, 5, 'Pomace', 'N', '2024-01-03 06:52:59.138192'),
(133, 'Pomace Olive 500 ML 24 Pcs', 24, 5, 'Pomace', 'N', '2024-01-03 06:52:59.139356'),
(134, 'Extra Light 5 Ltr Tin + 1 Olive 4 Pcs', 4, 5, 'Extra Light', 'N', '2024-01-03 06:52:59.140501'),
(135, 'Glass Bottle 200 ML Ginger Ale 12 PCS', 12, 12, 'Ginger Ale', 'N', '2024-01-03 06:52:59.141922'),
(136, 'Mustard Kacchi Ghani 1 Ltr 20 Pcs + 100 Cashback', 20, 5, 'Mustard Kacchi Ghani', 'N', '2024-01-03 06:52:59.143311'),
(137, 'Cold Press 1 Ltr 20 Pcs + 200 Cashback', 20, 5, 'Cold Press', 'N', '2024-01-03 06:52:59.144630'),
(138, 'Cold Press 5 Ltr Plain + 1 Ltr CP + Casserole (5*3)', 3, 5, 'Cold Press', 'N', '2024-01-03 06:52:59.145805'),
(139, 'Cold Press 5 Ltr 4 Pcs + 200 Cashback', 4, 5, 'Cold Press', 'N', '2024-01-03 06:52:59.147499'),
(140, 'Cold Press 5 Ltr + 1 Olive 4 Pcs + 200 Cashback', 4, 5, 'Cold Press', 'N', '2024-01-03 06:52:59.149141'),
(141, 'Glass Bottle 200 ML Ginger Ale Sugar Free 12 PCS', 12, 12, 'Ginger Ale SF', 'N', '2024-01-03 06:52:59.150419'),
(142, 'Cold Press 5 Ltr + Olive 1 Ltr + 4*100 Cashback', 4, 5, 'Cold Press + Olive', 'N', '2024-01-03 06:52:59.151626'),
(143, 'Cold Press 200 Ltr 1 Pcs', 1, 5, 'Cold Press', 'N', '2024-01-03 06:52:59.152926'),
(144, 'Extra Light 1 Ltr 16 Pcs + 200 Cashback', 16, 5, 'Extra Light', 'N', '2024-01-03 06:52:59.154187'),
(145, 'Mustard Kacchi Ghani 2 Ltr 10 Pcs + 2*100 Cashback', 10, 5, 'Mustard Kacchi Ghani', 'N', '2024-01-03 06:52:59.155447'),
(146, 'Mustard Kacchi Ghani 5 Ltr 4 Pcs + 5*100 Cashback', 4, 5, 'Mustard Kacchi Ghani', 'N', '2024-01-03 06:52:59.156692'),
(147, 'Mustard Pakki Ghani 1 Ltr 20 Pcs + 1*100 Cashback', 20, 5, 'Mustard Pakki Ghani', 'N', '2024-01-03 06:52:59.157863'),
(148, 'Mustard Pakki Ghani 2 Ltr 10 Pcs + 2*100 Cashback', 10, 5, 'Mustard Pakki Ghani', 'N', '2024-01-03 06:52:59.159035'),
(149, 'Mustard Pakki Ghani 5 Ltr 4 Pcs + 5*100 Cashback', 4, 5, 'Mustard Pakki Ghani', 'N', '2024-01-03 06:52:59.160237'),
(150, 'Cold Press 2 Ltr +2 Ltr Combo 5 Sets + 4*100 Cashback', 5, 5, 'Cold Press', 'N', '2024-01-03 06:52:59.161422'),
(151, 'Glass Bottle 275 ML Cola 6 PCS', 6, 12, 'Cola', 'N', '2024-01-03 06:52:59.162652'),
(152, 'Glass Bottle 275 ML Cola 12 PCS', 12, 12, 'Cola', 'N', '2024-01-03 06:52:59.164282'),
(153, 'Glass Bottle 275 ML Gift Pack 10 PCS', 1, 12, 'Ginger Ale', 'N', '2024-01-03 06:52:59.165980'),
(154, 'Gift Pack - 3 Bottles', 1, 5, 'Extra Virgin', 'N', '2024-01-03 06:52:59.167392'),
(155, 'Pomace Olive 100 ML', 24, 5, 'Pomace', 'N', '2024-01-03 06:52:59.168675'),
(156, 'Cold Press 3.5 Ltr + 1/2 Ltr Olive 6 Pcs', 6, 5, 'Cold Press', 'N', '2024-01-03 06:52:59.169833'),
(157, 'Cold Press 5 Ltr + Muesli', 4, 5, 'Cold Press', 'N', '2024-01-03 06:52:59.171001'),
(158, 'Capsules Immunity Booster 30 Units', 48, 5, 'Immunity Booster', 'N', '2024-01-03 06:52:59.172148'),
(159, 'Cold Press 5 Ltr + 2 Olive 4 Pcs', 4, 5, 'Cold Press', 'N', '2024-01-03 06:52:59.173381'),
(160, 'Cold Press 1 Ltr + 1 Olive 10 Sets', 10, 5, 'Cold Press', 'N', '2024-01-03 06:52:59.174644'),
(161, 'Cold Press 3.5 Ltr + 1 Ltr Olive 6 Pcs + Casserole', 6, 5, 'Cold Press', 'N', '2024-01-03 06:52:59.175854'),
(162, 'Cold Press 3.5 Ltr + 1 Ltr Olive 6 Pcs + Muesli', 6, 5, 'Cold Press', 'N', '2024-01-03 06:52:59.177166'),
(163, 'Cold Press 3.5 Ltr + 1 Ltr Olive 6 Pcs', 6, 5, 'Cold Press', 'N', '2024-01-03 06:52:59.178451'),
(164, 'Extra Light 15 Ltr Tin', 1, 5, 'Extra Light', 'N', '2024-01-03 06:52:59.179746'),
(165, 'Cold Press 1 Ltr +1 Ltr Combo 10 Sets With Choco', 10, 5, 'Cold Press', 'N', '2024-01-03 06:52:59.181076'),
(166, 'Cold Press 3.5 Ltr + 1 Ltr Olive 6 Pcs + Rice', 6, 5, 'Cold Press', 'N', '2024-01-03 06:52:59.182258'),
(167, 'Extra Light 1 Ltr +1 Ltr Combo(8 SET) Buy 1 Get 1', 8, 5, 'Extra Light', 'N', '2024-01-03 06:52:59.183434'),
(168, 'Cold Press 3 Ltr + 1 Ltr Extra Light Olive 6 Pcs', 6, 5, 'Cold Press', 'N', '2024-01-03 06:52:59.184623'),
(169, 'Cold Press 1 Ltr +1 Ltr Combo 10 Sets With Deo', 10, 5, 'Cold Press', 'N', '2024-01-03 06:52:59.185847'),
(170, 'Cold Press 5 Ltr + Rice', 4, 5, 'Cold Press', 'N', '2024-01-03 06:52:59.187070'),
(171, 'Extra Light (1+1+1) Ltr + Casserole', 16, 5, 'Extra Light', 'N', '2024-01-03 06:52:59.188699'),
(172, 'Cold Press 100 ML 24 Pcs', 24, 5, 'Cold Press', 'N', '2024-01-03 06:52:59.190232'),
(173, 'Pet Bottle 160 ML Ginger Ale 24 Pcs', 24, 12, 'Ginger Ale', 'N', '2024-01-03 06:52:59.191624'),
(174, 'Jivo Lite 5 Ltr + Rice 4 Pcs', 4, 5, 'Jivo Lite', 'N', '2024-01-03 06:52:59.192972'),
(175, 'Pet Bottle 175 ML Ginger Ale 24 PCS', 24, 12, 'Ginger Ale', 'N', '2024-01-03 06:52:59.194231'),
(176, 'Cold Press 1 Ltr +1 Ltr Combo 10 Sets With Rice', 10, 5, 'Cold Press', 'N', '2024-01-03 06:52:59.195401'),
(177, 'Pet Bottle 175 ML Cola 24 PCS', 24, 12, 'Cola', 'N', '2024-01-03 06:52:59.196710'),
(178, 'Cold Press 1 LTR + 1 LTR Combo + 2 Chocos 125 GM', 10, 5, 'Cold Press', 'N', '2024-01-03 06:52:59.197936'),
(179, 'Cold Press 5 Ltr + 2 KG Organic Rice', 4, 5, 'Cold Press', 'N', '2024-01-03 06:52:59.199149'),
(180, 'Cold Press 3 Ltr + 1 Ltr Olive 6 Pcs + Casserole', 6, 5, 'Cold Press', 'N', '2024-01-03 06:52:59.200408'),
(181, 'Cold Press 1 + 1 LTR Combo 10 SET + Garam Masala 100 GM', 10, 5, 'Cold Press', 'N', '2024-01-03 06:52:59.201636'),
(182, 'Cold Press 5 LTR + 1 LTR Olive 4 PCS + 2 Snacks', 4, 5, 'Cold Press', 'N', '2024-01-03 06:52:59.202904'),
(183, 'Cold Press 5 LTR + 1 Olive 4 PCS + 1 KG Organic Rice', 4, 5, 'Cold Press', 'N', '2024-01-03 06:52:59.204458'),
(184, 'Cold Press 5 Ltr 3 PCS + Chocos 125 GM (Shrinked)', 3, 5, 'Cold Press', 'N', '2024-01-03 06:52:59.205853'),
(185, 'Soyabean Oil 200 Ltr 1 Pcs', 1, 5, 'Refined', 'N', '2024-01-03 06:52:59.207249'),
(186, 'Cold Press 1 LTR + 1 LTR Combo 10 SET + 2 Indiyum Snacks', 10, 5, 'Cold Press', 'N', '2024-01-03 06:52:59.208519'),
(187, 'Rice Bran 200 Ltr 1 Pcs', 1, 5, 'Rice Bran', 'N', '2024-01-03 06:52:59.209742'),
(188, 'Cold Press Canola Oil Grofers 1 LTR 16 PCS', 16, 5, 'Cold Press', 'N', '2024-01-03 06:52:59.210962'),
(189, 'Extra Light Olive Oil Grofers 1 LTR 16 PCS', 16, 5, 'Extra Light', 'N', '2024-01-03 06:52:59.212272'),
(190, 'Pomace Oilve Oil Grofers 1 LTR 16 PCS', 16, 5, 'Pomace', 'N', '2024-01-03 06:52:59.213762'),
(191, 'Extra Light Leonz 1 LTR 16 PCS', 16, 5, 'Extra Light', 'N', '2024-01-03 06:52:59.215464'),
(192, 'Extra Light Leonz 500 ML 18 PCS', 18, 5, 'Extra Light', 'N', '2024-01-03 06:52:59.216986'),
(193, 'Extra Virgin Leonz 1 LTR 16 PCS', 16, 5, 'Extra Virgin', 'N', '2024-01-03 06:52:59.218213'),
(194, 'Extra Virgin Leonz 500 ML 18 PCS', 18, 5, 'Extra Virgin', 'N', '2024-01-03 06:52:59.219429'),
(195, 'Pomace Olive Leonz 1 LTR 16 PCS', 16, 5, 'Pomace', 'N', '2024-01-03 06:52:59.220675'),
(196, 'Pomace Olive Leonz 500 ML 18 PCS', 18, 5, 'Pomace', 'N', '2024-01-03 06:52:59.221862'),
(197, 'Extra Light 100 ML 24 PCS', 24, 5, 'Extra Light', 'N', '2024-01-03 06:52:59.223097'),
(198, 'Extra Virgin 100 ML 24 PCS', 24, 5, 'Extra Virgin', 'N', '2024-01-03 06:52:59.224292'),
(199, 'Cold Press 5 LTR 3 PCS + 1 KG Organic Rice (Shrinked)', 3, 5, 'Cold Press', 'N', '2024-01-03 06:52:59.225445'),
(200, 'Cold Press 5 LTR 4 PCS  + Chocos 375 GM', 4, 5, 'Cold Press', 'N', '2024-01-03 06:52:59.226687'),
(201, 'Pet Bottle 175 ML Cola 24 PCS (O)', 24, 12, 'Cola', 'N', '2024-01-03 06:52:59.227842'),
(202, 'Mustard Kachi Ghani 1 LTR 12 PCS', 12, 5, 'Mustard Kacchi Ghani', 'N', '2024-01-03 06:52:59.229028'),
(203, 'Mustard Kachi Ghani 3 LTR', 6, 5, 'Mustard Kacchi Ghani', 'N', '2024-01-03 06:52:59.230604'),
(204, 'Cold Press 1 LTR + 1 LTR Combo 10 SET + 1 Indiyum Snacks', 10, 5, 'Cold Press', 'N', '2024-01-03 06:52:59.232175'),
(205, 'Cold Press 5 LTR + Shampoo', 4, 5, 'Cold Press', 'N', '2024-01-03 06:52:59.233508'),
(206, 'AYURVEDIC OIL (DUBAI)', 1, 5, 'AYURVEDIC', 'N', '2024-01-03 06:52:59.234697'),
(207, 'Pet Bottle 175 ML Jeera 24 PCS', 24, 12, 'Jeera', 'N', '2024-01-03 06:52:59.236446'),
(208, 'Refined 15 Litre', 1, 5, 'Refined', 'N', '2024-01-03 06:52:59.237802'),
(209, 'Cold Press 5 LTR + 500 ML Extra Light Olive 3 PCS (Shrinked)', 3, 5, 'Cold Press', 'N', '2024-01-03 06:52:59.239328'),
(210, 'Glass Bottle 200 ML Cola 24 PCS (O)', 24, 12, 'Cola', 'N', '2024-01-03 06:52:59.240566'),
(211, 'Pet Bottle 175 ML Cola UF', 24, 12, 'Cola', 'N', '2024-01-03 06:52:59.241833'),
(212, 'Glass Bottle 200 ML Jeera 24 PCS', 24, 12, 'Jeera', 'N', '2024-01-03 06:52:59.243100'),
(213, 'Glass Bottle 275 ML Jeera 12 PCS', 12, 12, 'Jeera', 'N', '2024-01-03 06:52:59.244306'),
(214, 'Pet Bottle 175 ML Jeera 24 PCS UF', 24, 12, 'Jeera', 'N', '2024-01-03 06:52:59.245492'),
(215, 'Glass Bottle 275 ML Cola 12 PCS (O)', 12, 12, 'Cola', 'N', '2024-01-03 06:52:59.246680'),
(216, 'Cold Press 1 LTR + 1 LTR Combo + Shampoo 10 Sets', 10, 5, 'Cold Press', 'N', '2024-01-03 06:52:59.248061'),
(217, 'Cold Press 3 Ltr + 1 Ltr CP 6 Pcs + Coupon', 6, 5, 'Cold Press', 'N', '2024-01-03 06:52:59.249254'),
(218, 'Pet Bottle 250 ML Cola (O) 24 PCS', 24, 12, 'Cola', 'N', '2024-01-03 06:52:59.250482'),
(219, 'Cold Press Sunflower 1 Ltr 16 Pcs', 16, 5, 'Cold Press', 'N', '2024-01-03 06:52:59.251804'),
(220, 'Cold Press Sunflower 5 Ltr 4 Pcs', 4, 5, 'Cold Press', 'N', '2024-01-03 06:52:59.253004'),
(221, 'Glass Bottle Gift Pack 6 PCS 275 ML', 1, 12, 'Ginger Ale', 'N', '2024-01-03 06:52:59.254229'),
(222, 'Glass Bottle 200 ML Cola 12 PCS (O)', 12, 12, 'Cola', 'N', '2024-01-03 06:52:59.255370'),
(223, 'Glass Bottle 200 ML Jeera 12 PCS', 12, 12, 'Jeera', 'N', '2024-01-03 06:52:59.256490'),
(224, 'Cold Press 4 Ltr + 1 Ltr Extra Light Olive 5 Piece', 5, 5, 'Cold Press', 'N', '2024-01-03 06:52:59.257615'),
(225, 'Cold Press 1 Ltr + 125 GM Chocos 20 Pcs', 20, 5, 'Cold Press', 'N', '2024-01-03 06:52:59.258793'),
(226, 'Pet Bottle 175 ML Cola D UF', 1, 12, 'Cola', 'N', '2024-01-03 06:52:59.259963'),
(227, 'Pet 175Ml Cola D UF', 1, 12, 'Cola', 'N', '2024-01-03 06:52:59.261092'),
(228, 'Glass Bottle 200 ML Cola 24 PCS (D)', 24, 12, 'Cola', 'N', '2024-01-03 06:52:59.262251'),
(229, 'COLD PRESS 5 LTR + 10 WHEATGRASS GIGFT PACK(4 PC)', 4, 5, 'Cold Press', 'N', '2024-01-03 06:52:59.263459'),
(230, 'Cold Press 5 Ltr ( 1 Pcs )', 1, 5, 'Cold Press', 'N', '2024-01-03 06:52:59.264736'),
(231, 'Cold Press 5 Ltr + 1 Olive Shrinked ( 1 Pcs )', 1, 5, 'Cold Press', 'N', '2024-01-03 06:52:59.265985'),
(232, 'Cold Press 5 LTR + 500 ML Extra Light Olive Oil ( 4 Pcs )', 4, 5, 'Cold Press', 'N', '2024-01-03 06:52:59.267112'),
(233, 'Cold Press 250 ML x 48 PCS', 48, 5, 'Cold Press', 'N', '2024-01-03 06:52:59.268238'),
(234, 'Extra Light 1 x 3 Pcs ( 1 Set )', 1, 5, 'Extra Light', 'N', '2024-01-03 06:52:59.269932'),
(235, 'Cold Press 1 Ltr + 1 Ltr Combo + 250 ML Mustard Oil (Shrinked) ( 10 set )', 10, 5, 'Cold Press', 'N', '2024-01-03 06:52:59.271204'),
(236, 'Soya Chunk 200 gm 10 Pcs CSD', 1, 12, '', 'N', '2024-01-03 06:52:59.272333'),
(237, 'Cold Press 5 Ltr 5 Pcs', 5, 5, 'Cold Press', 'N', '2024-01-03 06:52:59.273499'),
(238, 'Glass Bottle 200 ML Gift Pack 10 PCS', 1, 12, 'Ginger Ale', 'N', '2024-01-03 06:52:59.274645'),
(239, 'Cold Press Sunflower 1 Ltr +1 Ltr Combo 1 Set', 1, 5, 'Cold Press', 'N', '2024-01-03 06:52:59.275826'),
(240, 'Cold Press Sunflower 5 Ltr ( 1 Pcs )', 1, 5, 'Cold Press', 'N', '2024-01-03 06:52:59.277038'),
(241, 'Canola Oil 1 Ltr 16 Pcs Vedaka', 16, 5, 'Canola', 'N', '2024-01-03 06:52:59.278194'),
(242, 'Canola Oil 5 Ltr 4 Pcs  Vedaka', 4, 5, 'Canola', 'N', '2024-01-03 06:52:59.279402'),
(243, 'Extra Light 5 Ltr 1 Pcs  ( Thermocol )', 1, 5, 'Extra Light', 'N', '2024-01-03 06:52:59.280815'),
(244, 'Pomace 5 Ltr 1 Pcs ( Thermocol )', 1, 5, 'Pomace', 'N', '2024-01-03 06:52:59.282582'),
(245, 'Glass Bottle 200 ML 6 Pcs Ginger Ale Sugary With Thermocol', 6, 12, 'Ginger Ale', 'N', '2024-01-03 06:52:59.284004'),
(246, 'Cold Press 5 Ltr 5 Pcs Canada', 5, 5, 'Cold Press', 'N', '2024-01-03 06:52:59.285200'),
(247, 'Pet Bottle 250 ML Cola 24 PCS UF', 24, 12, 'Cola', 'N', '2024-01-03 06:52:59.286357'),
(248, 'Ginger Ale 250 ml Sugary UF', 24, 12, 'Ginger Ale', 'N', '2024-01-03 06:52:59.287506'),
(249, 'Cold Press 1 Ltr +1 Ltr Combo 10 Set + 125 Gm Chocos Shrinked', 10, 5, 'Cold Press', 'N', '2024-01-03 06:52:59.288684'),
(250, 'Extra Light 2 Ltr 10 Pcs Handle', 10, 5, 'Extra Light', 'N', '2024-01-03 06:52:59.289846'),
(251, 'Glass Bottle Ginger Ale 200 ML Sugar 15 Pcs', 15, 12, 'Ginger Ale', 'N', '2024-01-03 06:52:59.290961'),
(252, 'Glass Bottle 200 ML Jeera  15 PCS', 15, 12, 'Ginger Ale', 'N', '2024-01-03 06:52:59.292076'),
(253, 'Cold Press 5 Ltr + 1 Ltr CP + 1 Kg Rice (4 Pcs)', 4, 5, 'Cold Press', 'N', '2024-01-03 06:52:59.293289'),
(254, 'Glass Bottle 200 ML Cola D 15 pcs', 15, 12, 'Cola', 'N', '2024-01-03 06:52:59.294396'),
(255, 'Canola Gold 5 Ltr 4 Pcs', 4, 5, 'Gold', 'N', '2024-01-03 06:52:59.295567'),
(256, 'Canola Gold 2 Ltr + 2 Ltr Combo 5 Sets', 5, 5, 'Gold', 'N', '2024-01-03 06:52:59.296755'),
(257, 'Glass Bottle 275 ML Ginger Ale 6 PCS (E)', 6, 12, 'Ginger Ale', 'N', '2024-01-03 06:52:59.298834'),
(258, 'Canola Gold 1 Ltr 20 Pcs', 20, 5, 'Gold', 'N', '2024-01-03 06:52:59.300452'),
(259, 'Desi Ghee 5 Ltr Tin 1 Pcs', 1, 12, 'Desi Ghee', 'N', '2024-01-03 06:52:59.301836'),
(260, 'Glass Bottle 200 ML Jeera 6 PCS', 6, 12, 'Jeera', 'N', '2024-01-03 06:52:59.303094'),
(261, 'Glass Bottle 200 ML Mojito 12 PCS', 12, 12, 'Mojito', 'N', '2024-01-03 06:52:59.304273'),
(262, 'Glass Bottle 200 ML Mojito 6 PCS', 6, 12, 'Mojito', 'N', '2024-01-03 06:52:59.305429'),
(263, 'Mustard Kacchi Ghani 3 Ltr 6 Pcs', 6, 5, 'Mustard Kacchi Ghani', 'N', '2024-01-03 06:52:59.306579'),
(264, 'Extra Light 3 Ltr 6 Pcs', 6, 5, 'Extra Light', 'N', '2024-01-03 06:52:59.307714'),
(265, 'Glass Bottle 200 ML Rose 6 PCS Ecom', 6, 12, 'Rose', 'N', '2024-01-03 06:52:59.308820'),
(266, 'Glass Bottle 200 ML Rose 12 PCS', 12, 12, 'Rose', 'N', '2024-01-03 06:52:59.309948'),
(267, 'Canola Gold 5 Ltr + 1 Ltr Gold 4 Pcs', 4, 5, 'Gold', 'N', '2024-01-03 06:52:59.311103'),
(268, 'Canola Gold 15 Ltr', 1, 5, 'Gold', 'N', '2024-01-03 06:52:59.312240'),
(269, 'Cold Press 5 Ltr + 1 Ltr Cold Press 3 Pcs ( Shrinked ) Plain', 3, 5, 'Cold Press', 'N', '2024-01-03 06:52:59.313452'),
(270, 'Cold Press 2 Ltr 10 PCS Handle', 10, 5, 'Cold Press', 'N', '2024-01-03 06:52:59.314942'),
(271, 'Cold Press 2 Ltr 10 PCS Handle + 125 GM Choco', 10, 5, 'Cold Press', 'N', '2024-01-03 06:52:59.316395'),
(272, 'Glass Bottle 275 ML Ginger Ale Sugar Free 6 PCS Ecom', 6, 12, 'Ginger Ale SF', 'N', '2024-01-03 06:52:59.318264'),
(273, 'Glass Bottle 200 ML Jeera 15% 12 PCS', 12, 12, 'Jeera', 'N', '2024-01-03 06:52:59.319795'),
(274, 'Glass Bottle 200 ML Cola 12 PCS (D)', 12, 12, 'Cola', 'N', '2024-01-03 06:52:59.321120'),
(275, 'Extra Virgin 5 Ltr Tin 4 Pcs', 4, 5, 'Extra Virgin', 'N', '2024-01-03 06:52:59.322547'),
(276, 'Cold Press Sunflower 15 Ltr', 1, 5, 'Cold Press', 'N', '2024-01-03 06:52:59.323815'),
(277, 'Extra Virgin 1 Ltr 1 Pcs', 1, 5, 'Extra Virgin', 'N', '2024-01-03 06:52:59.325026'),
(278, 'Pomace Olive 1 Ltr + 1 Ltr Combo 1 Set', 1, 5, 'Pomace', 'N', '2024-01-03 06:52:59.326278'),
(279, 'Mustard Kachi Ghani 1 Ltr + 1 Ltr Combo 1 Set', 1, 5, 'Kachi Ghani', 'N', '2024-01-03 06:52:59.327435'),
(280, 'Mustard Kacchi Ghani 5 Ltr 1 Pcs', 1, 5, 'Mustard Kacchi Ghani', 'N', '2024-01-03 06:52:59.328585'),
(281, 'Extra Virgin 5 Ltr Tin 4 Pcs (Imported)', 4, 5, 'Extra Virgin', 'N', '2024-01-03 06:52:59.329738'),
(282, 'Extra Virgin 1 Ltr + 1 Ltr Combo 1 Set', 1, 5, 'Extra Virgin', 'N', '2024-01-03 06:52:59.331307'),
(283, 'Extra Light 1 Ltr 1 Pcs', 1, 5, 'Extra Light', 'N', '2024-01-03 06:52:59.332689'),
(284, 'Glass Bottle 200 ML Mojito 12 PCS (G)', 12, 12, 'Mojito', 'N', '2024-01-03 06:52:59.333829'),
(285, 'Cold Press 1 Ltr 1 PC', 1, 5, 'Cold Press', 'N', '2024-01-03 06:52:59.335247'),
(286, 'Pomace Olive 1 Ltr 1 PC', 1, 5, 'Pomace', 'N', '2024-01-03 06:52:59.336512'),
(287, 'Mustard Kacchi Ghani 1 Ltr 1 PC', 1, 5, 'Mustard Kacchi Ghani', 'N', '2024-01-03 06:52:59.337688'),
(288, 'Extra Light 1 Ltr 1 Pc + Extra Virgin 500 ML 1 Pc', 1, 5, 'Extra Light', 'N', '2024-01-03 06:52:59.338832'),
(289, 'Extra Light 1 Ltr 1 Pc + Cold Press 1 Ltr 1 Pc', 1, 5, 'Extra Light', 'N', '2024-01-03 06:52:59.340041'),
(290, 'Extra Light 1 Ltr 1 Pc + Pomace 1 Ltr 1 Pc', 1, 5, 'Extra Light', 'N', '2024-01-03 06:52:59.341244'),
(291, 'Extra Light 1 Ltr 1 Pc + Mustard Kachi Ghani 1 Ltr 1 Pc', 1, 5, 'Extra Light', 'N', '2024-01-03 06:52:59.342445'),
(292, 'Extra Light 1 Ltr 1 Pc + 1 Ltr Combo + Miniature 100 ML 1 Pc', 1, 5, 'Extra Light', 'N', '2024-01-03 06:52:59.343552'),
(293, 'Cold Press Sunflower 50 Ltr Drum', 1, 5, 'Cold Press', 'N', '2024-01-03 06:52:59.344756'),
(294, 'Desi Ghee Pure 452 GMS 1 Pcs', 1, 12, 'Desi Ghee', 'N', '2024-01-03 06:52:59.345872'),
(295, 'Pet Bottle 250 ML Jeera 24 PCS', 24, 12, 'Jeera', 'N', '2024-01-03 06:52:59.347351'),
(296, 'Glass Bottle 275 ML Jeera 15% 12 PCS', 12, 12, 'Jeera', 'N', '2024-01-03 06:52:59.348940'),
(297, 'Glass Bottle 275 ML Jeera 15% 6 PCS', 6, 12, 'Jeera', 'N', '2024-01-03 06:52:59.350516'),
(298, 'Glass Bottle 275 ML Mojito 12 PCS (G)', 12, 12, 'Mojito', 'N', '2024-01-03 06:52:59.351776'),
(299, 'Cold Press 5 Ltr 1 Pc + 1 Cold Press 2 Pc', 1, 5, 'Cold Press', 'N', '2024-01-03 06:52:59.352960'),
(300, 'Extra Light 5 Ltr + 1 Ltr Extra Light 1 Pc', 1, 5, 'Extra Light', 'N', '2024-01-03 06:52:59.354168'),
(301, 'Pomace Olive 1 Ltr 3 Pcs (Set)', 1, 5, 'Pomace', 'N', '2024-01-03 06:52:59.355367'),
(302, 'Extra Light 2 Ltr Handle 1 Pc', 1, 5, 'Extra Light', 'N', '2024-01-03 06:52:59.356464'),
(303, 'Extra Light 1 Ltr 1 Pc + Extra Virgin 1 Ltr 1 Pc', 1, 5, 'Extra Light', 'N', '2024-01-03 06:52:59.357620'),
(304, 'Pet Bottle 250 ML Jeera 12 PCS', 12, 12, 'Jeera', 'N', '2024-01-03 06:52:59.358741'),
(305, 'Cold Press Sunflower 1 Ltr 20 Pcs', 20, 5, 'Cold Press', 'N', '2024-01-03 06:52:59.359929'),
(306, 'Glass Bottle 200 ML Jeera 15% 12 PCS BOGO', 12, 12, 'Jeera', 'N', '2024-01-03 06:52:59.361217'),
(307, 'Pet Bottle 275 ML Jeera 12 PCS', 12, 12, 'Jeera', 'N', '2024-01-03 06:52:59.362436'),
(308, 'Glass Bottle 200 ML Cola 12 PCS (O) BOGO', 12, 12, 'Cola', 'N', '2024-01-03 06:52:59.363761'),
(309, 'Glass Bottle 200 ML Ginger Ale 12 PCS (BOGO)', 12, 12, 'Ginger Ale', 'N', '2024-01-03 06:52:59.365335'),
(310, 'Desi Ghee A2 500 ML 16 Pcs', 16, 12, 'Desi Ghee', 'N', '2024-01-03 06:52:59.366775'),
(311, 'Desi Ghee A2 1 Litre 9 Pcs', 9, 12, 'Desi Ghee', 'N', '2024-01-03 06:52:59.368167'),
(312, 'Glass Bottle 200 ML Mojito 12 PCS (BOGO)', 12, 12, 'Mojito', 'N', '2024-01-03 06:52:59.369554'),
(313, 'Glass Bottle 200 ML Mojito G 12 PCS (BOGO)', 12, 12, 'Mojito', 'N', '2024-01-03 06:52:59.370710'),
(314, 'Glass Bottle 200 ML Rose O 12 PCS (BOGO)', 12, 12, 'Rose', 'N', '2024-01-03 06:52:59.371948'),
(315, 'Cold Press 5 Ltr + 2 Ltr Pouch 5 Pcs', 5, 5, 'Cold Press', 'N', '2024-01-03 06:52:59.373130'),
(316, 'Extra Light 1 Ltr 16 PCS + 1 KG Organic Rice', 16, 5, 'Extra Light', 'N', '2024-01-03 06:52:59.374274'),
(317, 'Extra Light 5 Ltr 4 PCS + 5 KG Organic Rice', 4, 5, 'Extra Light', 'N', '2024-01-03 06:52:59.375407'),
(318, 'Pomace 5 Ltr 4 PCS + 5 KG Organic Rice', 4, 5, 'Pomace', 'N', '2024-01-03 06:52:59.376552'),
(319, 'Extra Vigrin 5 Ltr 1 Pcs Imported ( Thermocol )', 1, 5, 'Extra Virgin', 'N', '2024-01-03 06:52:59.377864'),
(320, 'Cold Press 5 Ltr 1 PC + Sunflower 5 Ltr 1 PC', 1, 5, 'Cold Press', 'N', '2024-01-03 06:52:59.379066'),
(321, 'Cold Press 5 Ltr 1 PC + Mustard 5 Ltr 1 PC', 1, 5, 'Cold Press', 'N', '2024-01-03 06:52:59.380292'),
(322, 'Cold Press 5 Ltr + 2 Canola Refined 5 Pcs', 5, 5, 'Cold Press', 'N', '2024-01-03 06:52:59.381655'),
(323, 'Glass Bottle 200 ML Mango 12 PCS BOGO', 12, 12, 'Mango', 'N', '2024-01-03 06:52:59.382836'),
(324, 'Glass Bottle 200 ML Blueberry 12 PCS BOGO', 12, 12, 'Mango', 'N', '2024-01-03 06:52:59.384118'),
(325, 'Pomace Olive 1 Ltr 16 Pcs + 1 Kg Orgenic Rice', 16, 5, 'Pomace', 'N', '2024-01-03 06:52:59.385458'),
(326, 'Extra Light 5 Ltr + 1 Ltr Pomace 1 Pc', 1, 5, 'Extra Light', 'N', '2024-01-03 06:52:59.386636'),
(327, 'Cold Press Sunflower 1 Ltr 3 Pcs (Set)', 1, 5, 'Cold Press', 'N', '2024-01-03 06:52:59.387817'),
(328, 'Cold Press Soyabean 5 Ltr 4 Pcs', 4, 5, 'Soyabean', 'N', '2024-01-03 06:52:59.389033'),
(329, 'Cold Press Soyabean 1 Ltr 20 Pcs', 20, 5, 'Soyabean', 'N', '2024-01-03 06:52:59.390301'),
(330, 'Mustard Kacchi Ghani 1 Ltr 1 PC + 1 Kg Orgainc Rice', 1, 5, 'Mustard Kacchi Ghani', 'N', '2024-01-03 06:52:59.391505'),
(331, 'Pet Bottle 160 ML Jeera 24 Pcs', 24, 12, 'Jeera', 'N', '2024-01-03 06:52:59.392628'),
(332, 'Cold Press 5 LTR + 500 ML Extra Light Olive Oil ( 5 Pcs )', 5, 5, 'Cold Press', 'N', '2024-01-03 06:52:59.394103'),
(333, 'Cold Press 1 Ltr +1 Ltr Combo 10 Sets (Plain)', 10, 5, 'Cold Press', 'N', '2024-01-03 06:52:59.395307'),
(334, 'Pomace Olive 1 Ltr + 1 Ltr Combo 8 Sets ( Plain )', 8, 5, 'Pomace', 'N', '2024-01-03 06:52:59.396501'),
(335, 'Mustard Kacchi Ghani 1 Ltr + 1 Ltr Combo 10 Sets ( Plain', 10, 5, 'Mustard Kacchi Ghani', 'N', '2024-01-03 06:52:59.398028'),
(336, 'Cold Press Sunflower 1 Ltr +1 Ltr Combo 10 Set ( Plain )', 10, 5, 'Cold Press', 'N', '2024-01-03 06:52:59.399541'),
(337, 'Extra Virgin 1 Ltr + 1 Ltr Combo 8 Sets ( Plain )', 8, 5, 'Extra Virgin', 'N', '2024-01-03 06:52:59.401087'),
(338, 'Pet Bottle 250 ML Ginger 12 PCS', 12, 12, 'Ginger Ale', 'N', '2024-01-03 06:52:59.402406'),
(339, 'Chia Seeds 500 Gram 1 Pouch', 1, 5, '', 'N', '2024-01-03 06:52:59.403670'),
(340, 'Sunflower Seeds 500 Gram 1 Pouch', 1, 5, '', 'N', '2024-01-03 06:52:59.404907'),
(341, 'Pumpkeen Seeds 500 Gram 1 Pouch', 1, 5, '', 'N', '2024-01-03 06:52:59.406129'),
(342, 'Flax Seeds 500 Gram 1 Pouch', 1, 5, '', 'N', '2024-01-03 06:52:59.407289'),
(343, 'Basil Seeds 500 Gram 1 Pouch', 1, 5, '', 'N', '2024-01-03 06:52:59.408418'),
(344, 'Chia Seeds 250 Gram 1 Pouch', 1, 5, 'Seeds', 'N', '2024-01-03 06:52:59.409857'),
(345, 'Sunflower Seeds 250 Gram 1 Pouch', 1, 5, '', 'N', '2024-01-03 06:52:59.411105'),
(346, 'Pumpkeen Seeds 250 Gram 1 Pouch', 1, 5, '', 'N', '2024-01-03 06:52:59.412268'),
(347, 'Flax Seeds 250 Gram 1 Pouch', 1, 5, '', 'N', '2024-01-03 06:52:59.413438'),
(348, 'Basil Seeds 250 Gram 1 Pouch', 1, 5, '', 'N', '2024-01-03 06:52:59.415021'),
(349, 'Desi Ghee 700 ML 12 Pcs', 12, 12, 'Desi Ghee', 'N', '2024-01-03 06:52:59.416700'),
(350, 'Extra Light 100 Ml 10 PCS CSD', 1, 5, 'Extra Light', 'N', '2024-01-03 06:52:59.418269'),
(351, 'Extra Light 250 Ml 4 PCS CSD', 1, 5, 'Extra Light', 'N', '2024-01-03 06:52:59.419499'),
(352, 'Mustard Kachhi Ghani 1 Ltr Pouch 12 Pcs', 12, 5, 'Mustard', 'N', '2024-01-03 06:52:59.420673'),
(353, 'Glass Bottle 200 ML Cola 12 PCS UF', 12, 12, 'Cola', 'N', '2024-01-03 06:52:59.421901'),
(354, 'Glass Bottle 200 ML Jeera 12 PCS UF', 12, 12, 'Jeera', 'N', '2024-01-03 06:52:59.423260'),
(355, 'Glass Bottle 200 ML Mojito 12 PCS UF', 12, 12, 'Mojito', 'N', '2024-01-03 06:52:59.424574'),
(356, 'Cold Press 5 Ltr 5 Pcs + 100 gm Coffee', 5, 5, 'Cold Press', 'N', '2024-01-03 06:52:59.425856'),
(357, 'Cold Press Soyabean 15 Ltr', 1, 5, 'Soyabean', 'N', '2024-01-03 06:52:59.427136'),
(358, 'Cold Press Soyabean Oil 1 Ltr Pouch 12 Pcs', 12, 5, 'Soyabean', 'N', '2024-01-03 06:52:59.428347'),
(359, 'Pomace Olive 5 Ltr Tin 4 Pcs (Imported)', 4, 5, 'Pomace', 'N', '2024-01-03 06:52:59.429530'),
(360, 'Extra Light Olive 5 Ltr Tin 4 Pcs (Imported)', 4, 5, 'Extra Light', 'N', '2024-01-03 06:52:59.430780'),
(361, 'Extra Virgin 250 ML 4 Pcs', 4, 5, 'Extra Virgin', 'N', '2024-01-03 06:52:59.432663'),
(362, 'Cold Press 5 Ltr 4 Pcs + 100 gm Coffee', 4, 5, 'Cold Press', 'N', '2024-01-03 06:52:59.434143'),
(363, 'Pomace Olive Oil 2 Ltr 10 PCS Handle', 10, 5, 'Pomace', 'N', '2024-01-03 06:52:59.435468'),
(364, 'Cold Press 5 Ltr 5 Pcs + Cassrole', 5, 5, 'Cold Press', 'N', '2024-01-03 06:52:59.436688'),
(365, 'Extra Virgin Coconut Oil 1 Litre 16 Pcs', 16, 5, 'Extra Virgin', 'N', '2024-01-03 06:52:59.437899'),
(366, 'Pet Bottle 250 ML Cola 24 PCS N', 24, 12, 'Cola', 'N', '2024-01-03 06:52:59.439101'),
(367, 'Pet Bottle 250 ML Lemon 24 PCS N', 24, 12, 'Lemon', 'N', '2024-01-03 06:52:59.440423'),
(368, 'Pet Bottle 250 ML Apple 12 PCS N', 12, 12, 'Apple', 'N', '2024-01-03 06:52:59.441813'),
(369, 'Pet Bottle 250 ML Jeera Sugar Free 12 PCS N', 12, 12, 'Jeera', 'N', '2024-01-03 06:52:59.443044'),
(370, 'Pet Bottle 250 ML Orange 24 PCS N', 24, 12, 'Orange', 'N', '2024-01-03 06:52:59.444303'),
(371, 'Pet Bottle 250 ML Orange 12 PCS N', 12, 12, 'Orange', 'N', '2024-01-03 06:52:59.445414'),
(372, 'Pain Oil 250 Ml 4 Pcs', 4, 5, 'Pain Oil', 'N', '2024-01-03 06:52:59.446566'),
(373, 'Glass Bottle 200 ML Mango 12 PCS', 12, 12, 'Mango', 'N', '2024-01-03 06:52:59.448073'),
(374, 'Pet Bottle 250 ML Water 24 PCS', 24, 18, 'Water', 'N', '2024-01-03 06:52:59.449871'),
(375, 'Glass Bottle 200 ML Apple 12 PCS', 12, 12, 'Apple', 'N', '2024-01-03 06:52:59.451342'),
(376, 'Glass Bottle 200 ML Jeera Sugar Free 12 PCS', 12, 12, 'Jeera', 'N', '2024-01-03 06:52:59.452688'),
(377, 'Glass Bottle 200 ML Blueberry 12 PCS', 12, 12, 'Blueberry', 'N', '2024-01-03 06:52:59.453897'),
(378, 'Cold Press Soyabean 16.483 Litre', 1, 5, 'Refined', 'N', '2024-01-03 06:52:59.455033'),
(379, 'Cold Press 5 Ltr + 100 Cash Back 4 Pcs', 4, 5, 'Cold Press', 'N', '2024-01-03 06:52:59.456613'),
(380, 'Canola Oil 5 Ltr 4 Pcs', 4, 5, 'CANOLA', 'N', '2024-01-03 06:52:59.457919'),
(381, 'Canola Oil 5 Ltr 4 Pcs + 100 Cash Back', 4, 5, 'Canola', 'N', '2024-01-03 06:52:59.459075'),
(382, 'Canola Oil 5 Ltr + 1 Olive 4 Pcs', 4, 5, 'Canola', 'N', '2024-01-12 11:40:38.792379'),
(383, 'Canola Oil 1 Ltr 20 Pcs', 20, 5, 'CANOLA', 'N', '2024-01-03 06:52:59.462731'),
(384, 'Canola Oil 5 Ltr ( 1 Pcs )', 1, 5, 'CANOLA', 'N', '2024-01-03 06:52:59.464124'),
(385, 'Canola Oil 1 Ltr 24 Pcs', 24, 5, 'CANOLA', 'N', '2024-01-03 06:52:59.465975'),
(386, 'Canola Oil 1 Ltr + 1 Ltr Combo 10 Sets', 10, 5, 'CANOLA', 'N', '2024-01-03 06:52:59.467416'),
(387, 'Canola Oil 5 Ltr + 1 Ltr Olive Oil 3 Pcs ( Shrinked )', 3, 5, 'Canola', 'N', '2024-01-03 06:52:59.468864'),
(388, 'Canola Oil 5 Ltr + 500 ml Extra Light Olive 3 Pcs (Shrinked)', 3, 5, 'Canola', 'N', '2024-01-03 06:52:59.470156'),
(389, 'Canola Oil 5 Ltr + 1 Ltr Canola Oil 3 Pcs ( Shrinked )', 3, 5, 'Canola', 'N', '2024-01-03 06:52:59.471361'),
(390, 'Canola Oil 1 Ltr +1 Ltr Combo 10 Sets (Plain)', 10, 5, 'CANOLA', 'N', '2024-01-03 06:52:59.472775'),
(391, 'Canola Oil 5 Ltr 5 Pcs + 500 ml Extra Light', 5, 5, 'CANOLA', 'N', '2024-01-03 06:52:59.473978'),
(392, 'Canola Oil 3 Ltr + 1 Ltr Olive 6 Pcs', 6, 5, 'CANOLA', 'N', '2024-01-03 06:52:59.475132'),
(393, 'Canola Oil 5 Ltr + 1 Ltr Olive Oil 3 Pcs ( Shrinked ) Plain', 3, 5, 'Canola', 'N', '2024-01-03 06:52:59.476282'),
(394, 'Glass Bottle 200 ML Rose 12 PCS UF', 12, 12, 'Rose', 'N', '2024-01-03 06:52:59.477432'),
(395, 'Glass Bottle 200 ML Mango 12 PCS UF', 12, 12, 'Mango', 'N', '2024-01-03 06:52:59.478612'),
(396, 'Glass Bottle 200 ML Blueberry 12 PCS UF', 12, 12, 'Blueberry', 'N', '2024-01-03 06:52:59.479862'),
(397, 'Glass Bottle 200 ML Apple 12 PCS UF', 12, 12, 'Apple', 'N', '2024-01-03 06:52:59.481492'),
(398, 'Cold Press 250 Ml 4 Pcs', 4, 5, 'Cold Press', 'N', '2024-01-03 06:52:59.483203'),
(399, 'Jivo Gold 5 Ltr 4 Pcs', 4, 5, 'Gold', 'N', '2024-01-03 06:52:59.484780'),
(400, 'Pet Bottle 250 ML Jeera 6 PCS', 1, 12, 'Jeera', 'N', '2024-01-03 06:52:59.486052'),
(401, 'Pet Bottle 250 ML Lemon 6 PCS', 1, 12, 'Lemon', 'N', '2024-01-03 06:52:59.488409'),
(402, 'Pet Bottle 250 ML Orange 6 PCS', 1, 12, 'Orange', 'N', '2024-01-03 06:52:59.489723'),
(403, 'Cold Press 3 Ltr 4 Pcs Plain', 4, 5, 'Cold Press', 'N', '2024-01-03 06:52:59.490904'),
(404, 'Pet Bottle 250 ML Jeera 24 PCS UF', 24, 12, 'Jeera', 'N', '2024-01-03 06:52:59.492236'),
(405, 'Pet Bottle 250 ML Lemon 24 PCS UF', 24, 12, 'Lemon', 'N', '2024-01-03 06:52:59.493992'),
(406, 'Pet Bottle 250 ML Apple 12 PCS UF', 12, 12, 'Apple', 'N', '2024-01-03 06:52:59.495181'),
(407, 'Pet Bottle 250 ML Orange 24 PCS UF', 24, 12, 'Orange', 'N', '2024-01-03 06:52:59.496487'),
(408, 'Cold Press Sunflower 200 Ltr 1 Pcs', 1, 5, 'Sunflower', 'N', '2024-01-03 06:52:59.498132'),
(409, 'Cold Press 5 Ltr + 1 Ltr Extra Light Olive 3 Pcs ( Shrinked ) Plain', 3, 5, 'Cold Press', 'N', '2024-01-03 06:52:59.499749'),
(410, 'Rice Bran Oil 15 Ltr', 1, 5, '', 'N', '2024-01-12 09:36:13.011917'),
(411, 'Cold Pressed Sunflower Oil 2 Litre 10 Pcs', 10, 5, 'Cold Press', 'N', '2024-01-03 06:52:59.502683'),
(412, 'Sano Canola Oil 1 Litre 20 Pcs', 20, 5, 'CANOLA', 'N', '2024-01-03 06:52:59.503956'),
(413, 'Sano Canola Oil 5 Litre 4 Pcs', 4, 5, 'CANOLA', 'N', '2024-01-03 06:52:59.505223'),
(414, 'Sano Mustard Oil 1 Ltr 20 Pcs', 20, 5, 'Mustard', 'N', '2024-01-03 06:52:59.506436'),
(415, 'Sano Mustard Oil 5 Litre 4 Pcs', 4, 5, 'Mustard', 'N', '2024-01-03 06:52:59.507669'),
(416, 'Sano Sunflower Oil 1 Ltr 20 Pcs', 20, 5, 'Sunflower', 'N', '2024-01-03 06:52:59.508861'),
(417, 'Sano Sunflower Oil 5 Litre 4 Pcs', 4, 5, 'Sunflower', 'N', '2024-01-03 06:52:59.510012'),
(418, 'Sano Soyabean Oil 1 Ltr 20 Pcs', 20, 5, 'Soyabean', 'N', '2024-01-03 06:52:59.511301'),
(419, 'Sano Soyabean Oil 5 Litre 4 Pcs', 4, 5, 'Soyabean', 'N', '2024-01-03 06:52:59.512468'),
(420, 'Cold Press Groundnut Oil 1 Ltr 16 Pcs', 16, 5, 'Groundnut', 'N', '2024-01-03 06:52:59.513704'),
(421, 'Cold Press Groundnut 5 Ltr 4 Pcs', 4, 5, 'Groundnut', 'N', '2024-01-03 06:52:59.515467'),
(422, 'Sano Groundnut Oil 1 Litre 20 Pcs', 20, 5, 'Groundnut', 'N', '2024-01-03 06:52:59.516897'),
(423, 'Sano Groundnut Oil 5 Litre 4 Pcs', 4, 5, 'Groundnut', 'N', '2024-01-03 06:52:59.518505'),
(424, 'Pet Bottle 1Ltr Water 12 PCS', 12, 18, 'WATER', 'N', '2024-01-03 06:52:59.519845'),
(425, 'Cold Press 3 Ltr + 1 Ltr 6 Pcs', 6, 5, 'Cold Press', 'N', '2024-01-03 06:52:59.521180'),
(426, 'Cold Press 5 Ltr+ 1 Ltr Pomace Olive Oil 4 Pcs', 4, 5, 'Cold Press', 'N', '2024-01-03 06:52:59.522396'),
(427, 'Cold Press 5 Ltr + 1 Ltr Pomace OilveOil 3 Pcs ( Shrinked )', 3, 5, 'Cold Press', 'N', '2024-01-03 06:52:59.523633'),
(428, 'Jivo Gold 5 Ltr+ 2 Ltr Gold', 4, 5, 'Gold', 'N', '2024-01-03 06:52:59.524855'),
(429, 'Sano Extra Light Olive 1 Litre 16 Pcs', 16, 5, 'Olive', 'N', '2024-01-03 06:52:59.525964'),
(430, 'Mustard Oil 1 Litre 20 Pcs Vedaka', 20, 5, 'Mustard', 'N', '2024-01-03 06:52:59.527187'),
(431, 'Jivo Gold 5 Ltr + 1 Ltr Sano Olive Oil Classic 4 Pcs', 4, 5, 'Gold', 'N', '2024-01-03 06:52:59.528399'),
(432, 'Jivo Gold 1 Ltr 20 Pcs', 20, 5, 'Gold', 'N', '2024-01-03 06:52:59.529599'),
(433, 'Sano Pomace Oil 1 Litre 16 Pcs', 16, 5, 'Sano', 'N', '2024-01-03 06:52:59.530972'),
(434, 'Sano Pomace Olive Oil 5 Ltr Tin 4 Pcs', 4, 5, 'Pomace', 'N', '2024-01-03 06:52:59.532564'),
(435, 'Sano Olive Oil Classic 5 Ltr Tin 4 Pcs', 4, 5, 'Olive', 'N', '2024-01-03 06:52:59.534126'),
(436, 'Cold Press 5 Ltr + 1 Ltr Sano Olive Oil Classic 4 Pcs', 0, 0, 'Cold Press', 'N', '2023-12-05 09:50:39.000000'),
(437, 'Cold Press 5 Ltr + 1 Ltr Sano Pomace Olive Oil 4 Pcs', 4, 5, 'Cold Press', 'N', '2024-01-03 06:52:59.537457'),
(438, 'Cold Press 5 Ltr + 1 Ltr Sano Pomace OilveOil 3 Pcs ( Shrinked )', 3, 5, 'Cold Press', 'N', '2024-01-03 06:52:59.538778'),
(439, 'Cold Press 3 Ltr + 1 Ltr Sano Pomace Olive Oil 6 Pcs', 6, 5, 'Cold Press', 'N', '2024-01-03 06:52:59.539957'),
(440, 'Cold Press 5 Ltr + 1 Ltr Sano OilveOil Classic 3 Pcs ( Shrinked )', 3, 5, 'Cold Press', 'N', '2024-01-03 06:52:59.541223'),
(441, 'Mustard Oil 100 Ml 20 PCS CSD', 1, 5, 'Mustard', 'N', '2024-01-03 06:52:59.542464'),
(442, 'Extra Virgin 2 Ltr 10 Pcs Handle', 10, 5, 'Extra Virgin', 'N', '2024-01-03 06:52:59.543614'),
(443, 'Canola Oil 100 ml 20 Pcs', 20, 5, 'Canola', 'N', '2024-01-03 06:52:59.544822'),
(444, 'Cold Press Soyabean 1 Ltr +1 Ltr Combo 10 Sets (Plain)', 10, 5, 'Soyabean', 'N', '2024-01-03 06:52:59.546030'),
(445, 'Extra Virgin Coconut Oil 500 ml 24 Pcs', 24, 5, 'Extra Virgin', 'N', '2024-01-03 06:52:59.547252'),
(446, 'Refined Cotton Seed Oil 15 Ltr', 1, 5, 'Cotton Seed Oil', 'N', '2024-01-03 06:52:59.548796'),
(447, 'Cold Press 4 Ltr + 1 Ltr 5 Pcs', 5, 5, 'Cold Press', 'N', '2024-01-03 06:52:59.550353'),
(448, 'Cold Press 4 Ltr 5 Pcs', 5, 5, 'Cold Press', 'N', '2024-01-03 06:52:59.551971'),
(449, 'Extra Virgin 500 ML 24 PCS', 24, 5, 'Extra Virgin', 'N', '2024-01-03 06:52:59.553355'),
(450, 'Cold Press 5 Ltr + 1 Ltr Sano Extra Light Olive 4 Pcs', 4, 5, 'Cold Press', 'N', '2024-01-03 06:52:59.535860'),
(451, 'Sano Extra Light Olive 5 Ltr Tin 4 Pcs', 4, 5, 'Olive', 'N', '2024-01-03 06:52:59.554553'),
(452, 'Sano Olive Oil Classic 1 Ltr 16 Pcs', 16, 5, 'Olive', 'N', '2024-01-03 06:52:59.555705'),
(453, 'Extra Virgin Coconut Oil 200 ml 36 Pcs', 1, 5, 'Extra Virgin', 'N', '2024-01-03 06:52:59.556871'),
(454, 'Extra Virgin 200 ml 36 Pcs', 36, 5, 'Extra Virgin', 'N', '2024-01-03 06:52:59.558008'),
(455, 'Chia Seed 200 gm 1 Pcs', 1, 5, 'Seeds', 'N', '2024-01-03 06:52:59.559197'),
(456, 'Chia Seed 400 gm 1 Pcs', 1, 5, 'Seeds', 'N', '2024-01-03 06:52:59.560397'),
(457, 'Chia Seed 800 gm 1 Pcs', 1, 5, 'Seeds', 'N', '2024-01-03 06:52:59.561706'),
(458, 'Refined Cotton Seed Oil 15 KG', 1, 5, 'Cotton Seed Oil', 'N', '2024-01-03 06:52:59.562942'),
(459, 'Refined Cotton Seed Oil 13 KG', 1, 5, 'Cotton Seed Oil', 'N', '2024-01-03 06:52:59.564103'),
(460, 'Pet Bottle 250 ML Jivo Natural Mineral*(24PCS)', 24, 18, 'WATER', 'N', '2024-01-03 06:52:59.565891'),
(461, 'Cold Press Soyabean 200 Ltr 1 Pcs', 1, 5, 'Refined', 'N', '2024-01-12 11:40:38.000000'),
(462, 'Soyabean Oil 13 KG', 1, 5, '', 'N', '2024-01-12 11:40:38.000000');

DROP TABLE IF EXISTS users;
CREATE TABLE users (
  id int(11) UNSIGNED NOT NULL,
  name varchar(60) NOT NULL,
  username varchar(50) NOT NULL,
  password varchar(255) NOT NULL,
  user_level int(11) NOT NULL,
  last_login datetime DEFAULT NULL,
  MainGroup varchar(20) NOT NULL,
  State varchar(20) NOT NULL,
  email varchar(50) NOT NULL,
  Status int(20) NOT NULL
) ENGINE=InnoDB DEFAULT CHARSET=latin1 COLLATE=latin1_swedish_ci;

TRUNCATE TABLE users;
INSERT INTO users (id, name, username, password, user_level, last_login, MainGroup, State, email, Status) VALUES
(1, 'Harry Denn', 'Admin', 'd033e22ae348aeb5660fc2140aec35850c4da997', 1, '2024-01-13 07:04:42', 'Institutional,Other', 'MZ,AR,MN', 'Harry123@gmail.com', 1),
(3, 'Billling1', 'Bil1', '7110eda4d09e062aa5e4a390b0a572ac0d2c0220', 3, '2024-01-12 13:36:50', 'GT', 'UP', 'Bil1@jivo.in', 1),
(4, 'Billing2', 'bil2', '7110eda4d09e062aa5e4a390b0a572ac0d2c0220', 4, '2024-01-12 13:33:41', 'GT,HoReCa,MT,E-COMME', 'UP,DL,PB,MP,MH,GJ,HR', 'bil2@jivo.in', 1),
(5, 'Ramandeep Kaur', 'raman', '7110eda4d09e062aa5e4a390b0a572ac0d2c0220', 2, '2024-01-13 07:03:01', 'HoReCa,MT,E-COMMERCE', 'UP,DL', 'raman@jivo.in', 1),
(6, 'Kamalpreet Kaur', 'Kamal', '7110eda4d09e062aa5e4a390b0a572ac0d2c0220', 2, '2024-01-13 06:11:04', 'HoReCa,MT,E-COMMERCE', 'SK,AS,RJ,TE,AP,OR,KE', 'Kamal@jivo.in', 1),
(8, 'Jashanpreet Singh', 'jashan', '7110eda4d09e062aa5e4a390b0a572ac0d2c0220', 2, NULL, 'Other,GOVT. SECTOR,P', 'DL,PB,MP', 'jashan@jivo.in', 1);

DROP TABLE IF EXISTS user_groups;
CREATE TABLE user_groups (
  id int(11) NOT NULL,
  group_name varchar(150) NOT NULL,
  group_level int(11) NOT NULL,
  group_status int(1) NOT NULL
) ENGINE=InnoDB DEFAULT CHARSET=latin1 COLLATE=latin1_swedish_ci;

TRUNCATE TABLE user_groups;
INSERT INTO user_groups (id, group_name, group_level, group_status) VALUES
(1, 'Admin', 1, 1),
(2, 'Manager', 2, 1),
(8, 'Billing1', 3, 1),
(9, 'Billing2', 4, 1);


ALTER TABLE productsold
  ADD PRIMARY KEY (id);

ALTER TABLE salesreport
  ADD PRIMARY KEY (SalesId);

ALTER TABLE sales_audit
  ADD PRIMARY KEY (id);

ALTER TABLE tbl_products
  ADD PRIMARY KEY (id);

ALTER TABLE users
  ADD PRIMARY KEY (id),
  ADD KEY user_level (user_level);

ALTER TABLE user_groups
  ADD PRIMARY KEY (id),
  ADD UNIQUE KEY group_level (group_level);


ALTER TABLE productsold
  MODIFY id int(100) NOT NULL AUTO_INCREMENT, AUTO_INCREMENT=16;

ALTER TABLE salesreport
  MODIFY SalesId int(100) NOT NULL AUTO_INCREMENT, AUTO_INCREMENT=8;

ALTER TABLE sales_audit
  MODIFY id int(11) NOT NULL AUTO_INCREMENT, AUTO_INCREMENT=31;

ALTER TABLE tbl_products
  MODIFY id int(100) NOT NULL AUTO_INCREMENT, AUTO_INCREMENT=463;

ALTER TABLE users
  MODIFY id int(11) UNSIGNED NOT NULL AUTO_INCREMENT, AUTO_INCREMENT=9;

ALTER TABLE user_groups
  MODIFY id int(11) NOT NULL AUTO_INCREMENT, AUTO_INCREMENT=10;


ALTER TABLE users
  ADD CONSTRAINT FK_user FOREIGN KEY (user_level) REFERENCES user_groups (group_level) ON DELETE CASCADE ON UPDATE CASCADE;

/*!40101 SET CHARACTER_SET_CLIENT=@OLD_CHARACTER_SET_CLIENT */;
/*!40101 SET CHARACTER_SET_RESULTS=@OLD_CHARACTER_SET_RESULTS */;
/*!40101 SET COLLATION_CONNECTION=@OLD_COLLATION_CONNECTION */;
